"","Mean","Median","Mode","ESS","HDImass","HDIlow","HDIhigh","CompVal","PcntGtCompVal","ROPElow","ROPEhigh","PcntLtROPE","PcntInROPE","PcntGtROPE"
"b0",127072.703533333,127070,127052.844958145,13468.6,0.95,124822,129385,NA,NA,NA,NA,NA,NA,NA
"b1[1] Assis",-46358.4725066667,-46371.05,-46319.6200116119,13246,0.95,-49415.7,-43196.8,NA,NA,NA,NA,NA,NA,NA
"b1[2] Assoc",-33040.5830066667,-33030.45,-32910.7476016427,13069.5,0.95,-35916.1,-30335.1,NA,NA,NA,NA,NA,NA,NA
"b1[3] Full",-3111.3482628028,-3101.185,-3032.06918944821,13039.4,0.95,-5987.48,-197.738,NA,NA,NA,NA,NA,NA,NA
"b1[4] Endow",26931.88408,26947.8,27125.7383606981,13905.1,0.95,22209.5,31361.3,NA,NA,NA,NA,NA,NA,NA
"b1[5] Disting",55578.51994,55615.85,55909.2093530844,13047,0.95,48512.1,62633.3,NA,NA,NA,NA,NA,NA,NA
"b2[1] ACTG",82070.8849,82065.2,82396.0247838503,14502,0.95,72711.2,91803.4,NA,NA,NA,NA,NA,NA,NA
"b2[2] AFRO",-15313.0138776073,-15283.55,-15246.2307024487,14367.8,0.95,-31407.3,1284.47,NA,NA,NA,NA,NA,NA,NA
"b2[3] AMST",-16816.0093446947,-16811.6,-15817.0296760317,14369.8,0.95,-32581.6,-215.454,NA,NA,NA,NA,NA,NA,NA
"b2[4] ANTH",-19253.64470492,-19265.7,-18967.3382389176,13301,0.95,-29228.1,-8553.13,NA,NA,NA,NA,NA,NA,NA
"b2[5] APHS",2957.52133797453,2978.975,3305.16714583508,13437.9,0.95,-7956.86,13597.4,NA,NA,NA,NA,NA,NA,NA
"b2[6] AST",130.341534873333,170.816,615.447717150309,15000,0.95,-13621.8,14445.8,NA,NA,NA,NA,NA,NA,NA
"b2[7] BEPP",49102.4258733333,49083.3,48340.348222604,14384.7,0.95,35358.1,62383.7,NA,NA,NA,NA,NA,NA,NA
"b2[8] BFIN",109280.025586667,109298.5,109524.7085033,13173.8,0.95,100093,118524,NA,NA,NA,NA,NA,NA,NA
"b2[9] BI",-3399.8948492996,-3435.54,-3512.50988997152,13579,0.95,-9887.27,2791.12,NA,NA,NA,NA,NA,NA,NA
"b2[10] BLAN",18091.8540628993,18032.8,17994.7897543147,14556.6,0.95,4570.98,32153.3,NA,NA,NA,NA,NA,NA,NA
"b2[11] CEDP",-16360.7408111333,-16348.75,-15906.0929350721,13248.6,0.95,-26243.4,-6457.69,NA,NA,NA,NA,NA,NA,NA
"b2[12] CEUS",-21461.6226268133,-21500.35,-22145.2839590149,14586.5,0.95,-33547.7,-9309.14,NA,NA,NA,NA,NA,NA,NA
"b2[13] CHEM",19223.4144346667,19216.3,19128.8618014056,14641.6,0.95,12705.1,25570.2,NA,NA,NA,NA,NA,NA,NA
"b2[14] CMCL",-16099.23543726,-16098.05,-16347.6222311115,13466.4,0.95,-28099.4,-4877.7,NA,NA,NA,NA,NA,NA,NA
"b2[15] CMLT",-21711.7943218867,-21644.55,-20400.8714943743,14553.3,0.95,-36285.4,-7890.5,NA,NA,NA,NA,NA,NA,NA
"b2[16] CRIN",-22769.8847786667,-22795,-23123.6578307808,14011,0.95,-31507.2,-13941.9,NA,NA,NA,NA,NA,NA,NA
"b2[17] CSCI",12866.14026782,12916.1,13033.4313267571,11929.2,0.95,3237.95,22533.1,NA,NA,NA,NA,NA,NA,NA
"b2[18] EALC",-17875.8904640667,-17893.45,-18889.2383961583,14677.5,0.95,-29590.1,-6377.92,NA,NA,NA,NA,NA,NA,NA
"b2[19] ECON",56711.19156,56734.9,57510.2303753665,13161.1,0.95,46881.4,66680.3,NA,NA,NA,NA,NA,NA,NA
"b2[20] ELPS",-5923.53042900467,-5941.55,-7353.46942585425,14072.9,0.95,-16984.4,5878.47,NA,NA,NA,NA,NA,NA,NA
"b2[21] ENG",-19344.966754,-19353.5,-19820.7263775357,12004.5,0.95,-27285.4,-11676.7,NA,NA,NA,NA,NA,NA,NA
"b2[22] FINH",-21817.75238026,-21793.6,-21888.592554814,14765.6,0.95,-35094.9,-7315.75,NA,NA,NA,NA,NA,NA,NA
"b2[23] FINS",-18933.075342038,-19052.45,-19828.9014822848,12155,0.95,-33337,-4563.63,NA,NA,NA,NA,NA,NA,NA
"b2[24] FOLK",-22160.3445190667,-22170.3,-20919.9672186252,14411.2,0.95,-33565.7,-9980.72,NA,NA,NA,NA,NA,NA,NA
"b2[25] FRIT",-13587.1387571807,-13565.55,-12940.8170938682,15535,0.95,-24820,-1771.61,NA,NA,NA,NA,NA,NA,NA
"b2[26] GEOG",-8568.93677156007,-8536.595,-7882.55239297656,15000,0.95,-22242.2,6330.03,NA,NA,NA,NA,NA,NA,NA
"b2[27] GEOL",-14066.8356900427,-14044.7,-14242.318264977,10910.6,0.95,-24303.6,-3872.28,NA,NA,NA,NA,NA,NA,NA
"b2[28] GERM",-30745.0175464667,-30748.15,-30076.8145671961,13239.9,0.95,-46596.2,-15922.6,NA,NA,NA,NA,NA,NA,NA
"b2[29] HIST",-12389.6569883333,-12385.35,-12628.7554142539,13382.1,0.95,-19835.2,-4542.44,NA,NA,NA,NA,NA,NA,NA
"b2[30] INFO",9478.915996696,9441.05,8987.00726040937,13854,0.95,-280.344,19337.6,NA,NA,NA,NA,NA,NA,NA
"b2[31] JOUR",-14850.82024848,-14838,-14422.713057125,14368.7,0.95,-26776.5,-3667.65,NA,NA,NA,NA,NA,NA,NA
"b2[32] KINE",-7052.58507737626,-7040.91,-7369.10149185978,14610.9,0.95,-18400.2,4396.75,NA,NA,NA,NA,NA,NA,NA
"b2[33] LAWS",40290.2183733333,40310.25,40358.0336807511,12110.1,0.95,31351.8,48643.7,NA,NA,NA,NA,NA,NA,NA
"b2[34] LGED",-20015.9060416267,-20013.65,-19455.4029166039,14291.7,0.95,-33763.5,-7052.58,NA,NA,NA,NA,NA,NA,NA
"b2[35] LING",-12941.8319071612,-12910.65,-13104.5895488059,14508,0.95,-27523.3,1514.88,NA,NA,NA,NA,NA,NA,NA
"b2[36] MATH",-6651.16597413067,-6655.105,-6672.61313100324,11433.6,0.95,-14969.7,1332.73,NA,NA,NA,NA,NA,NA,NA
"b2[37] MGMT",62814.7462,62806.3,61869.8464072735,14232.9,0.95,50628.5,74724.5,NA,NA,NA,NA,NA,NA,NA
"b2[38] MKTG",67424.83248,67468.15,68052.5376187718,14358.5,0.95,55908,78147.1,NA,NA,NA,NA,NA,NA,NA
"b2[39] MUHI",-30471.6606773333,-30439.8,-29567.9897940099,15000,0.95,-43306.7,-17665.9,NA,NA,NA,NA,NA,NA,NA
"b2[40] MUIN",-22920.606562,-22950.6,-23198.076531111,12350.6,0.95,-31614.2,-14791.8,NA,NA,NA,NA,NA,NA,NA
"b2[41] MUST",-1737.0554985378,-1757.895,-2287.29129429533,13533.5,0.95,-15099.4,11327,NA,NA,NA,NA,NA,NA,NA
"b2[42] MUTH",-27313.6203653333,-27334.9,-27817.6029129561,14381.5,0.95,-41719.5,-13145.3,NA,NA,NA,NA,NA,NA,NA
"b2[43] MUVO",-28061.0481268,-27999.8,-28189.0119484453,14049.7,0.95,-42454.2,-14016.4,NA,NA,NA,NA,NA,NA,NA
"b2[44] OADT",60328.32144,60372.7,60990.0660162232,15000,0.95,49274.8,71310.8,NA,NA,NA,NA,NA,NA,NA
"b2[45] OPT",-14365.1595331993,-14335.35,-14287.1796765653,14438.1,0.95,-27003.6,-2147.02,NA,NA,NA,NA,NA,NA,NA
"b2[46] PHYS",-2573.33026266447,-2553.895,-2311.75333233525,13187.8,0.95,-11352.2,5674.86,NA,NA,NA,NA,NA,NA,NA
"b2[47] PL",-10151.6561970887,-10204.15,-10372.6828271618,15000,0.95,-21326.1,213.443,NA,NA,NA,NA,NA,NA,NA
"b2[48] POLS",7345.22652132127,7308.83,6765.17653683392,14059.3,0.95,-1305.68,16141.7,NA,NA,NA,NA,NA,NA,NA
"b2[49] PSY",6714.693435322,6721.085,6601.07663297343,13645.9,0.95,613.597,12833.3,NA,NA,NA,NA,NA,NA,NA
"b2[50] REL",-14629.9914542067,-14629.5,-15305.5848623469,14296.8,0.95,-26739.4,-2872.77,NA,NA,NA,NA,NA,NA,NA
"b2[51] RPAD",-4151.44780108219,-4152.28,-4099.38970370702,14480.7,0.95,-17355.4,8604.91,NA,NA,NA,NA,NA,NA,NA
"b2[52] SLIS",5419.07494785427,5390.025,5028.05828691734,14383,0.95,-6037.13,16755.7,NA,NA,NA,NA,NA,NA,NA
"b2[53] SLS",-23581.3553337267,-23528,-22979.922823956,15000,0.95,-38231.5,-8687.23,NA,NA,NA,NA,NA,NA,NA
"b2[54] SOC",-6006.27874259027,-6045.78,-6609.27457237099,14494.8,0.95,-14379.5,2552.72,NA,NA,NA,NA,NA,NA,NA
"b2[55] SPAN",-17495.3873883133,-17462.25,-17190.9255617127,12822,0.95,-27769.8,-7097.51,NA,NA,NA,NA,NA,NA,NA
"b2[56] SPEA",17214.838412,17208.2,17434.8253115835,13029.3,0.95,10554.9,23943,NA,NA,NA,NA,NA,NA,NA
"b2[57] SPHS",7955.72229740207,7949.13,8610.53512305155,14324.7,0.95,-2254.63,18699.8,NA,NA,NA,NA,NA,NA,NA
"b2[58] STAT",3366.8697525278,3312.89,2085.41247126442,15000,0.95,-10687.9,18023.9,NA,NA,NA,NA,NA,NA,NA
"b2[59] TELC",-12057.0031638693,-12121.2,-12290.6652072257,15087,0.95,-23082.3,-585.519,NA,NA,NA,NA,NA,NA,NA
"b2[60] THTR",-23160.36510408,-23157.4,-24528.5228530614,12215.5,0.95,-37936,-9288.15,NA,NA,NA,NA,NA,NA,NA
"b1b2[1,1] Assis ACTG",13517.3901483,13449.2,13867.5460782385,13609.2,0.95,2561.76,25007.9,NA,NA,NA,NA,NA,NA,NA
"b1b2[2,1] Assoc ACTG",7511.81471697767,7406.725,6771.89125062221,15000,0.95,-5974.47,20594.2,NA,NA,NA,NA,NA,NA,NA
"b1b2[3,1] Full ACTG",-14009.64174446,-13936.25,-13505.6642326652,11935.8,0.95,-24733.8,-2366.9,NA,NA,NA,NA,NA,NA,NA
"b1b2[4,1] Endow ACTG",-5324.26282446773,-5264.565,-5660.19524065515,14329,0.95,-17953,6980.84,NA,NA,NA,NA,NA,NA,NA
"b1b2[5,1] Disting ACTG",-1695.30014440713,-1657.32,-2834.83838272461,15000,0.95,-19213.5,14905.1,NA,NA,NA,NA,NA,NA,NA
"b1b2[1,2] Assis AFRO",346.559620930533,407.3305,927.61838774295,15000,0.95,-17172,17026.6,NA,NA,NA,NA,NA,NA,NA
"b1b2[2,2] Assoc AFRO",115.582738623,98.5183,156.183185287045,15000,0.95,-13815.4,13810.1,NA,NA,NA,NA,NA,NA,NA
"b1b2[3,2] Full AFRO",-1031.77761035533,-1002.97,-265.600683354991,14169.7,0.95,-14621,13195.2,NA,NA,NA,NA,NA,NA,NA
"b1b2[4,2] Endow AFRO",136.890499279333,93.9632,-912.820377780197,15000,0.95,-16962.8,17018.9,NA,NA,NA,NA,NA,NA,NA
"b1b2[5,2] Disting AFRO",432.744934232,369.412,-113.745973942066,15000,0.95,-15930.7,18138.1,NA,NA,NA,NA,NA,NA,NA
"b1b2[1,3] Assis AMST",-249.085896371467,-269.1205,-620.779025522155,14493.9,0.95,-14266.4,13691.8,NA,NA,NA,NA,NA,NA,NA
"b1b2[2,3] Assoc AMST",-584.2401420162,-636.7665,-1217.07838275827,14336.3,0.95,-14789.6,12902.4,NA,NA,NA,NA,NA,NA,NA
"b1b2[3,3] Full AMST",315.502420888667,251.179,292.463003962657,15000,0.95,-16931.2,17292.9,NA,NA,NA,NA,NA,NA,NA
"b1b2[4,3] Endow AMST",201.860926330333,232.773,8.51576518100046,14173.9,0.95,-16643.8,17288.7,NA,NA,NA,NA,NA,NA,NA
"b1b2[5,3] Disting AMST",315.962986774667,259.7795,67.9424132426211,15000,0.95,-16463.8,17271.8,NA,NA,NA,NA,NA,NA,NA
"b1b2[1,4] Assis ANTH",2938.75355077207,2905.82,2125.48961624709,15000,0.95,-11843.4,17105.2,NA,NA,NA,NA,NA,NA,NA
"b1b2[2,4] Assoc ANTH",1170.19895831053,1161.365,1633.70911820543,13766,0.95,-9900.41,11961.8,NA,NA,NA,NA,NA,NA,NA
"b1b2[3,4] Full ANTH",-590.702487954267,-583.743,250.041987813063,13773.3,0.95,-11296.8,10429.4,NA,NA,NA,NA,NA,NA,NA
"b1b2[4,4] Endow ANTH",-3842.889785477,-3723.61,-3283.72674220087,15000,0.95,-18653.9,10966,NA,NA,NA,NA,NA,NA,NA
"b1b2[5,4] Disting ANTH",324.6394210038,264.53,124.834158536396,14209.8,0.95,-17359.5,16671,NA,NA,NA,NA,NA,NA,NA
"b1b2[1,5] Assis APHS",-5645.39727750867,-5663.755,-6118.65006323792,14522.1,0.95,-17523.8,6685.21,NA,NA,NA,NA,NA,NA,NA
"b1b2[2,5] Assoc APHS",-3514.40249811227,-3482.735,-4037.1259004874,13155.2,0.95,-14799.1,7613.75,NA,NA,NA,NA,NA,NA,NA
"b1b2[3,5] Full APHS",9251.851941392,9203.725,9544.79008043632,14387.8,0.95,-3040.36,21706.2,NA,NA,NA,NA,NA,NA,NA
"b1b2[4,5] Endow APHS",55.6653022239333,-64.0215,76.3493497854724,14449.9,0.95,-16098,17524.7,NA,NA,NA,NA,NA,NA,NA
"b1b2[5,5] Disting APHS",-147.717536854,-187.7995,-844.728330824699,14333.8,0.95,-16667.6,17140.5,NA,NA,NA,NA,NA,NA,NA
"b1b2[1,6] Assis AST",-2869.63896111797,-2758.84,-1872.07120037592,15000,0.95,-18023,11270.3,NA,NA,NA,NA,NA,NA,NA
"b1b2[2,6] Assoc AST",-5571.0549358984,-5481.95,-4969.42422021013,15000,0.95,-19044.5,8460.33,NA,NA,NA,NA,NA,NA,NA
"b1b2[3,6] Full AST",-3379.6324525976,-3342.065,-2843.86450350503,15000,0.95,-17006.9,9676.59,NA,NA,NA,NA,NA,NA,NA
"b1b2[4,6] Endow AST",11811.309319484,11539.85,10902.1849777101,11679.4,0.95,-4157.78,26662.1,NA,NA,NA,NA,NA,NA,NA
"b1b2[5,6] Disting AST",9.01720421212667,22.3947,-5.64835034801217,15000,0.95,-17219.6,16836.8,NA,NA,NA,NA,NA,NA,NA
"b1b2[1,7] Assis BEPP",-1173.7367764902,-1177.71,-1803.43121976557,15000,0.95,-14845.5,11716.7,NA,NA,NA,NA,NA,NA,NA
"b1b2[2,7] Assoc BEPP",422.65998846,439.1695,-469.776449485009,14035.6,0.95,-12647.5,13516.4,NA,NA,NA,NA,NA,NA,NA
"b1b2[3,7] Full BEPP",-1020.20131020033,-935.4335,-415.758790987224,14218.4,0.95,-18151.8,15968.5,NA,NA,NA,NA,NA,NA,NA
"b1b2[4,7] Endow BEPP",2747.53180914507,2642.345,2142.48188027379,14573,0.95,-10775.1,16837.5,NA,NA,NA,NA,NA,NA,NA
"b1b2[5,7] Disting BEPP",-976.253506792,-1034.425,-1934.16270955907,14833.7,0.95,-17855.9,16170.9,NA,NA,NA,NA,NA,NA,NA
"b1b2[1,8] Assis BFIN",3935.70083804067,3880.965,3427.72575334769,13537.4,0.95,-7077.15,15105.2,NA,NA,NA,NA,NA,NA,NA
"b1b2[2,8] Assoc BFIN",9370.95938846993,9344.24,9397.08783027057,12178.1,0.95,-1148.63,20324.6,NA,NA,NA,NA,NA,NA,NA
"b1b2[3,8] Full BFIN",1399.94092384353,1328.275,834.103179179143,15000,0.95,-10738.7,14111,NA,NA,NA,NA,NA,NA,NA
"b1b2[4,8] Endow BFIN",-12455.2805050153,-12355.95,-13223.2544184634,12694.3,0.95,-24936.8,813.422,NA,NA,NA,NA,NA,NA,NA
"b1b2[5,8] Disting BFIN",-2251.320807954,-2090.33,-1495.98939886461,14484,0.95,-19394.7,14781.9,NA,NA,NA,NA,NA,NA,NA
"b1b2[1,9] Assis BI",-138.960188220667,-166.924,-365.207662313896,15059.7,0.95,-8782.09,8920.78,NA,NA,NA,NA,NA,NA,NA
"b1b2[2,9] Assoc BI",-3041.45313364827,-3002.995,-3198.9376592587,14096.8,0.95,-10876.6,5007.57,NA,NA,NA,NA,NA,NA,NA
"b1b2[3,9] Full BI",1386.23265078447,1419.075,1825.68193336276,14440.6,0.95,-7336.8,10088.8,NA,NA,NA,NA,NA,NA,NA
"b1b2[4,9] Endow BI",-3449.01978773305,-3317.965,-2340.26995133595,13618.3,0.95,-18881.4,10299.8,NA,NA,NA,NA,NA,NA,NA
"b1b2[5,9] Disting BI",5243.2006903658,5205.33,5278.91521006341,13978.8,0.95,-5092.56,16130.7,NA,NA,NA,NA,NA,NA,NA
"b1b2[1,10] Assis BLAN",3896.13572712787,3837.49,3057.2266583114,15000,0.95,-9791.97,16842.8,NA,NA,NA,NA,NA,NA,NA
"b1b2[2,10] Assoc BLAN",937.194078362267,824.034,362.202589652108,15000,0.95,-12703.9,14784.9,NA,NA,NA,NA,NA,NA,NA
"b1b2[3,10] Full BLAN",-329.116086263267,-341.951,135.638423701545,14464.1,0.95,-14493.4,14980.8,NA,NA,NA,NA,NA,NA,NA
"b1b2[4,10] Endow BLAN",-3990.98268847267,-3988.25,-4171.45025349912,14574.4,0.95,-19319.7,10945.7,NA,NA,NA,NA,NA,NA,NA
"b1b2[5,10] Disting BLAN",-513.230860011333,-454.132,-255.008025208757,15000,0.95,-16769.2,17185.8,NA,NA,NA,NA,NA,NA,NA
"b1b2[1,11] Assis CEDP",2341.03998093827,2388.665,3102.31958584853,14288.7,0.95,-8666.77,13534.6,NA,NA,NA,NA,NA,NA,NA
"b1b2[2,11] Assoc CEDP",-967.314965516067,-971.114,141.103813850757,13897.5,0.95,-11592.9,9806.26,NA,NA,NA,NA,NA,NA,NA
"b1b2[3,11] Full CEDP",-1860.03540470187,-1841.925,-1303.87068475691,13494.8,0.95,-12895,8987.63,NA,NA,NA,NA,NA,NA,NA
"b1b2[4,11] Endow CEDP",96.0958954644,73.31635,160.110267499374,13758.7,0.95,-17551.2,16922.3,NA,NA,NA,NA,NA,NA,NA
"b1b2[5,11] Disting CEDP",390.214752739667,364.223,1038.46342319944,14504.5,0.95,-16434.1,17692.9,NA,NA,NA,NA,NA,NA,NA
"b1b2[1,12] Assis CEUS",1594.2922878211,1543.145,1340.50529373729,13723,0.95,-13471.6,15936.7,NA,NA,NA,NA,NA,NA,NA
"b1b2[2,12] Assoc CEUS",6346.95962547599,6225.295,5411.85642386011,13548.3,0.95,-6166.95,19414.1,NA,NA,NA,NA,NA,NA,NA
"b1b2[3,12] Full CEUS",3543.33441249173,3433.335,2538.85567191997,13834.2,0.95,-8930.17,16035.7,NA,NA,NA,NA,NA,NA,NA
"b1b2[4,12] Endow CEUS",-11818.7699157367,-11696.4,-11819.5530381943,11032.6,0.95,-27108.4,3286.55,NA,NA,NA,NA,NA,NA,NA
"b1b2[5,12] Disting CEUS",334.183565344267,408.2475,1222.90880268129,14444.7,0.95,-17098,16845.6,NA,NA,NA,NA,NA,NA,NA
"b1b2[1,13] Assis CHEM",-12730.8698897587,-12664.45,-12384.2685831228,12642.6,0.95,-22073.6,-3413.55,NA,NA,NA,NA,NA,NA,NA
"b1b2[2,13] Assoc CHEM",-4036.8416249868,-4018.875,-4072.81301725622,15000,0.95,-13607.5,5425.86,NA,NA,NA,NA,NA,NA,NA
"b1b2[3,13] Full CHEM",12864.3430390253,12805.25,11654.4823871911,13642.9,0.95,3591.32,22451.4,NA,NA,NA,NA,NA,NA,NA
"b1b2[4,13] Endow CHEM",4341.33124212133,4375.115,5578.12948267348,15000,0.95,-7094.56,15566.3,NA,NA,NA,NA,NA,NA,NA
"b1b2[5,13] Disting CHEM",-437.9623517068,-417.2445,-538.808369778475,15419.8,0.95,-12016.2,11642.1,NA,NA,NA,NA,NA,NA,NA
"b1b2[1,14] Assis CMCL",-2244.84810238223,-2225.935,-2644.35476194441,14629.1,0.95,-15360.7,10349.1,NA,NA,NA,NA,NA,NA,NA
"b1b2[2,14] Assoc CMCL",-1300.68362963093,-1289.88,-1016.07659028173,14516.5,0.95,-13134.9,10037.2,NA,NA,NA,NA,NA,NA,NA
"b1b2[3,14] Full CMCL",3003.18231552629,2944.75,2395.12372271106,15046.4,0.95,-9889.41,15843.8,NA,NA,NA,NA,NA,NA,NA
"b1b2[4,14] Endow CMCL",359.102273864987,342.974,1520.48578043331,13963.7,0.95,-16324.4,17800.9,NA,NA,NA,NA,NA,NA,NA
"b1b2[5,14] Disting CMCL",183.247026446267,155.314,-202.49256717485,15737.2,0.95,-17053.5,17132.2,NA,NA,NA,NA,NA,NA,NA
"b1b2[1,15] Assis CMLT",1656.6166414966,1636.53,1489.92704105725,15000,0.95,-12194.2,14975.4,NA,NA,NA,NA,NA,NA,NA
"b1b2[2,15] Assoc CMLT",-511.816051941867,-461.1825,163.502131526377,15000,0.95,-14557.2,13312.6,NA,NA,NA,NA,NA,NA,NA
"b1b2[3,15] Full CMLT",-2011.59153024802,-2001.98,-1839.27931820526,15000,0.95,-14600.4,11476.1,NA,NA,NA,NA,NA,NA,NA
"b1b2[4,15] Endow CMLT",499.189418789067,568.9045,1428.66133468932,15000,0.95,-16623.4,17155.7,NA,NA,NA,NA,NA,NA,NA
"b1b2[5,15] Disting CMLT",367.601547786333,321.632,420.828164399012,15000,0.95,-16393,17523.2,NA,NA,NA,NA,NA,NA,NA
"b1b2[1,16] Assis CRIN",4479.55976232993,4459.985,4399.33695134864,14501.2,0.95,-6559.83,15449.4,NA,NA,NA,NA,NA,NA,NA
"b1b2[2,16] Assoc CRIN",2790.07544753933,2751.035,2287.34334232423,15000,0.95,-8164.82,12597.2,NA,NA,NA,NA,NA,NA,NA
"b1b2[3,16] Full CRIN",-2962.22939362467,-2951.54,-2920.18945476885,13864.7,0.95,-13696.7,7721.33,NA,NA,NA,NA,NA,NA,NA
"b1b2[4,16] Endow CRIN",-4638.98722364153,-4602.025,-4327.22710302336,14554.2,0.95,-17834.4,8644.66,NA,NA,NA,NA,NA,NA,NA
"b1b2[5,16] Disting CRIN",331.581613129333,328.058,343.29629604776,14776.5,0.95,-17387.2,16907.6,NA,NA,NA,NA,NA,NA,NA
"b1b2[1,17] Assis CSCI",608.855962125467,675.296,974.684252256,14612.6,0.95,-10626.4,11420.4,NA,NA,NA,NA,NA,NA,NA
"b1b2[2,17] Assoc CSCI",936.1612737286,908.118,678.175080440262,13122.7,0.95,-9247.48,10895,NA,NA,NA,NA,NA,NA,NA
"b1b2[3,17] Full CSCI",-992.237524534467,-981.034,-1177.66668901051,13893.8,0.95,-11712,9683.51,NA,NA,NA,NA,NA,NA,NA
"b1b2[4,17] Endow CSCI",-247.673998350933,-193.37,694.250329169488,13804.8,0.95,-17472.7,16574.3,NA,NA,NA,NA,NA,NA,NA
"b1b2[5,17] Disting CSCI",-305.1055890622,-224.0475,558.080813140048,14276.4,0.95,-16981.6,16929.7,NA,NA,NA,NA,NA,NA,NA
"b1b2[1,18] Assis EALC",714.454954016933,697.0735,283.059814980843,14594.9,0.95,-11182.7,12620,NA,NA,NA,NA,NA,NA,NA
"b1b2[2,18] Assoc EALC",-1243.06359835267,-1222.04,-832.615350556152,14461.2,0.95,-13663.7,11104.3,NA,NA,NA,NA,NA,NA,NA
"b1b2[3,18] Full EALC",-19.4278240104,40.07225,470.276315947442,15000,0.95,-12602.4,12144.1,NA,NA,NA,NA,NA,NA,NA
"b1b2[4,18] Endow EALC",314.088780680933,392.693,1208.53510287354,14342.2,0.95,-17524.5,16653.9,NA,NA,NA,NA,NA,NA,NA
"b1b2[5,18] Disting EALC",233.947744570533,152.358,-834.339759238435,15000,0.95,-16512.7,17739.6,NA,NA,NA,NA,NA,NA,NA
"b1b2[1,19] Assis ECON",-17538.4402164667,-17478.7,-17985.8887734795,10684.4,0.95,-29154.3,-6247.62,NA,NA,NA,NA,NA,NA,NA
"b1b2[2,19] Assoc ECON",6517.46036138093,6491.65,6494.94059106,13775.2,0.95,-6114.9,19155.6,NA,NA,NA,NA,NA,NA,NA
"b1b2[3,19] Full ECON",4212.06652406,4258.455,4741.98662899063,13907.8,0.95,-6355.12,15718,NA,NA,NA,NA,NA,NA,NA
"b1b2[4,19] Endow ECON",8118.77423771333,7924.925,7317.09242575329,12962.6,0.95,-6989.59,23245.7,NA,NA,NA,NA,NA,NA,NA
"b1b2[5,19] Disting ECON",-1309.86147158567,-1207.455,-1114.72803719363,13774.3,0.95,-18307.2,15785.1,NA,NA,NA,NA,NA,NA,NA
"b1b2[1,20] Assis ELPS",-3066.6438397154,-3062.03,-3372.71931530541,14396.9,0.95,-16029.7,9800.39,NA,NA,NA,NA,NA,NA,NA
"b1b2[2,20] Assoc ELPS",-3275.04951567053,-3298.37,-4141.57977825195,14338.9,0.95,-14576.3,8470.05,NA,NA,NA,NA,NA,NA,NA
"b1b2[3,20] Full ELPS",6128.90785691127,6055.905,5501.7107514068,13618,0.95,-5969.31,18992.3,NA,NA,NA,NA,NA,NA,NA
"b1b2[4,20] Endow ELPS",183.947585958267,134.932,-225.38518432618,14595.2,0.95,-16564.1,17221.8,NA,NA,NA,NA,NA,NA,NA
"b1b2[5,20] Disting ELPS",28.8384296991333,-12.90917,10.6130650012128,15000,0.95,-16923.9,17036.4,NA,NA,NA,NA,NA,NA,NA
"b1b2[1,21] Assis ENG",2684.89938281433,2641.165,2118.33149932133,15000,0.95,-7914.38,13351.9,NA,NA,NA,NA,NA,NA,NA
"b1b2[2,21] Assoc ENG",4044.88946930127,4033.86,3079.90846874521,12780.2,0.95,-5128.5,12902.3,NA,NA,NA,NA,NA,NA,NA
"b1b2[3,21] Full ENG",6246.88778951673,6241.01,6339.27771989025,12727.9,0.95,-2995.33,15842.9,NA,NA,NA,NA,NA,NA,NA
"b1b2[4,21] Endow ENG",-13258.0286593613,-13162.6,-11902.537821362,11525.3,0.95,-25486.1,-341.356,NA,NA,NA,NA,NA,NA,NA
"b1b2[5,21] Disting ENG",281.352107958667,377.878,693.959056483269,13585.6,0.95,-16464.5,17692.1,NA,NA,NA,NA,NA,NA,NA
"b1b2[1,22] Assis FINH",1938.291842944,1903.165,1882.72258015571,14245.8,0.95,-10824.2,15339,NA,NA,NA,NA,NA,NA,NA
"b1b2[2,22] Assoc FINH",970.895425007867,949.8715,760.983219135895,14806,0.95,-12024.2,14186.6,NA,NA,NA,NA,NA,NA,NA
"b1b2[3,22] Full FINH",-3766.067962488,-3695.19,-3949.04278512311,13883,0.95,-18965.2,10747.7,NA,NA,NA,NA,NA,NA,NA
"b1b2[4,22] Endow FINH",454.031333194,400.6255,565.163325884692,15000,0.95,-16355.9,17644.4,NA,NA,NA,NA,NA,NA,NA
"b1b2[5,22] Disting FINH",402.848939588667,362.5095,27.2235817807523,15000,0.95,-16780.4,17417.4,NA,NA,NA,NA,NA,NA,NA
"b1b2[1,23] Assis FINS",503.5501296622,408.756,38.1163661556566,15440.8,0.95,-14059.6,15952,NA,NA,NA,NA,NA,NA,NA
"b1b2[2,23] Assoc FINS",-1682.73102066313,-1700.035,-2478.69320759537,12532.2,0.95,-14359.7,12241.5,NA,NA,NA,NA,NA,NA,NA
"b1b2[3,23] Full FINS",313.787145028933,290.1865,0.0286316684941994,15000,0.95,-17712.3,16485.5,NA,NA,NA,NA,NA,NA,NA
"b1b2[4,23] Endow FINS",554.027009766467,513.2615,239.431753280616,15000,0.95,-14151.5,15793.6,NA,NA,NA,NA,NA,NA,NA
"b1b2[5,23] Disting FINS",311.367035680533,360.4715,1667.15575893444,14656.7,0.95,-16754,17609.8,NA,NA,NA,NA,NA,NA,NA
"b1b2[1,24] Assis FOLK",2027.42901360287,1940.325,1310.60690532496,15000,0.95,-11352.5,15545.9,NA,NA,NA,NA,NA,NA,NA
"b1b2[2,24] Assoc FOLK",1949.7186640548,1977.205,2288.65695791566,15000,0.95,-10510.5,14029.8,NA,NA,NA,NA,NA,NA,NA
"b1b2[3,24] Full FOLK",-3313.62175310393,-3293.57,-3190.70506285454,15000,0.95,-16107.1,9498.46,NA,NA,NA,NA,NA,NA,NA
"b1b2[4,24] Endow FOLK",-1127.5188007858,-1086.135,-1138.3386034953,15000,0.95,-16398.2,13316.1,NA,NA,NA,NA,NA,NA,NA
"b1b2[5,24] Disting FOLK",463.992888934667,388.8035,705.828425349682,13705.8,0.95,-16427,17964.1,NA,NA,NA,NA,NA,NA,NA
"b1b2[1,25] Assis FRIT",1247.43681948857,1221.31,1019.14860891444,15000,0.95,-11522.4,13822.1,NA,NA,NA,NA,NA,NA,NA
"b1b2[2,25] Assoc FRIT",-9135.69994538733,-9060.61,-8826.37434775059,14455.7,0.95,-21413.3,3039.75,NA,NA,NA,NA,NA,NA,NA
"b1b2[3,25] Full FRIT",7287.24526422333,7162.21,6815.66785132047,13972.1,0.95,-4678.27,19465.5,NA,NA,NA,NA,NA,NA,NA
"b1b2[4,25] Endow FRIT",279.3770887346,303.0875,569.106365627522,14627.9,0.95,-16886.2,17229.7,NA,NA,NA,NA,NA,NA,NA
"b1b2[5,25] Disting FRIT",321.641009571267,282.6155,957.073629502091,15000,0.95,-16653.5,17551.1,NA,NA,NA,NA,NA,NA,NA
"b1b2[1,26] Assis GEOG",-932.946525052667,-899.413,-690.86683334635,15000,0.95,-14143.9,12463,NA,NA,NA,NA,NA,NA,NA
"b1b2[2,26] Assoc GEOG",-1334.80394686933,-1334.56,-1321.55688936315,15000,0.95,-16416.6,13449.3,NA,NA,NA,NA,NA,NA,NA
"b1b2[3,26] Full GEOG",2062.60704288933,2045.29,2678.68242693381,15000,0.95,-11230.5,15847.6,NA,NA,NA,NA,NA,NA,NA
"b1b2[4,26] Endow GEOG",82.2742670876267,135.6115,740.129522586874,15000,0.95,-16450.2,17682,NA,NA,NA,NA,NA,NA,NA
"b1b2[5,26] Disting GEOG",122.868996036267,97.9279,-1242.4517018426,14349.4,0.95,-16492.1,17638.5,NA,NA,NA,NA,NA,NA,NA
"b1b2[1,27] Assis GEOL",2483.59050531991,2482.79,3462.92546773655,13731.6,0.95,-9859.13,14235.4,NA,NA,NA,NA,NA,NA,NA
"b1b2[2,27] Assoc GEOL",-827.049026686733,-837.6925,-783.006261123686,15000,0.95,-13478.3,11588.8,NA,NA,NA,NA,NA,NA,NA
"b1b2[3,27] Full GEOL",7981.7004647748,7844,7326.70442775884,12238.3,0.95,-2929.8,19041.4,NA,NA,NA,NA,NA,NA,NA
"b1b2[4,27] Endow GEOL",-9894.720594745,-9736.99,-8914.71021417817,12667.4,0.95,-25034.8,5161.48,NA,NA,NA,NA,NA,NA,NA
"b1b2[5,27] Disting GEOL",256.479085058467,260.8055,-1084.70390387966,13787.5,0.95,-16698.1,16913.4,NA,NA,NA,NA,NA,NA,NA
"b1b2[1,28] Assis GERM",581.667344615933,583.645,1780.40467772363,14918.2,0.95,-16376.5,17630.6,NA,NA,NA,NA,NA,NA,NA
"b1b2[2,28] Assoc GERM",1572.38812327667,1521.225,404.225920517645,15000,0.95,-12636.7,16704.2,NA,NA,NA,NA,NA,NA,NA
"b1b2[3,28] Full GERM",5087.07375232893,5028.055,5661.94602397209,12981,0.95,-8711.85,18922.1,NA,NA,NA,NA,NA,NA,NA
"b1b2[4,28] Endow GERM",-7894.76998978787,-7781.685,-8082.91849409165,14133.3,0.95,-23259.8,6894.67,NA,NA,NA,NA,NA,NA,NA
"b1b2[5,28] Disting GERM",653.640568501333,599.4185,578.120371242891,14596.4,0.95,-16225.9,18128.8,NA,NA,NA,NA,NA,NA,NA
"b1b2[1,29] Assis HIST",-832.492970467133,-815.398,356.743436080764,15000,0.95,-10450.4,9380.55,NA,NA,NA,NA,NA,NA,NA
"b1b2[2,29] Assoc HIST",588.516069295133,551.393,296.020007842628,14550.9,0.95,-8427.83,10117.9,NA,NA,NA,NA,NA,NA,NA
"b1b2[3,29] Full HIST",59.8269182118867,43.6923,162.608763328513,13942.9,0.95,-9308.79,10024.3,NA,NA,NA,NA,NA,NA,NA
"b1b2[4,29] Endow HIST",-58.9168616659333,-74.34795,-1216.18684659558,15000,0.95,-12038.7,12308.3,NA,NA,NA,NA,NA,NA,NA
"b1b2[5,29] Disting HIST",243.066711718933,265.3855,671.99223999292,13815.5,0.95,-16638.5,17029.8,NA,NA,NA,NA,NA,NA,NA
"b1b2[1,30] Assis INFO",890.288192110687,938.765,1245.80159706478,15000,0.95,-11491.6,13637.2,NA,NA,NA,NA,NA,NA,NA
"b1b2[2,30] Assoc INFO",-2277.65644955207,-2273.255,-2973.11579205308,14118.9,0.95,-13115.7,8373.5,NA,NA,NA,NA,NA,NA,NA
"b1b2[3,30] Full INFO",3762.16678117887,3836.205,4483.67140770606,13838,0.95,-7612.18,14670.8,NA,NA,NA,NA,NA,NA,NA
"b1b2[4,30] Endow INFO",-2266.29533403676,-2214.735,-1574.6129652958,14315.3,0.95,-16797.5,12605.7,NA,NA,NA,NA,NA,NA,NA
"b1b2[5,30] Disting INFO",-108.503217432667,-90.9806,1391.94684471962,14446.7,0.95,-16839.7,17292.3,NA,NA,NA,NA,NA,NA,NA
"b1b2[1,31] Assis JOUR",2298.58995771673,2295.775,1467.76929594243,14877.8,0.95,-10315.6,14492.9,NA,NA,NA,NA,NA,NA,NA
"b1b2[2,31] Assoc JOUR",3770.11961436,3718.835,2380.18369089651,14199.5,0.95,-8624.03,15855.7,NA,NA,NA,NA,NA,NA,NA
"b1b2[3,31] Full JOUR",-6462.11316476067,-6394.365,-6636.61346141084,13380,0.95,-18237.5,5964.38,NA,NA,NA,NA,NA,NA,NA
"b1b2[4,31] Endow JOUR",136.982074800813,103.558,455.709408752555,14390.6,0.95,-16613.9,17876.5,NA,NA,NA,NA,NA,NA,NA
"b1b2[5,31] Disting JOUR",256.421572186667,292.459,113.411415586175,14582.3,0.95,-16725.4,17560.5,NA,NA,NA,NA,NA,NA,NA
"b1b2[1,32] Assis KINE",-1572.02342121205,-1573.575,-1560.29425584653,15000,0.95,-13712.8,10372.3,NA,NA,NA,NA,NA,NA,NA
"b1b2[2,32] Assoc KINE",-1003.90684366287,-1008.13,-1327.01070675738,15000,0.95,-13381.1,10833.1,NA,NA,NA,NA,NA,NA,NA
"b1b2[3,32] Full KINE",2488.293298956,2418.15,1914.8453715114,15246.2,0.95,-9006.95,14528.2,NA,NA,NA,NA,NA,NA,NA
"b1b2[4,32] Endow KINE",-28.68245987748,-12.25375,327.699526329707,15000,0.95,-16591.5,17277.7,NA,NA,NA,NA,NA,NA,NA
"b1b2[5,32] Disting KINE",116.319428841333,86.331,-580.138660484845,14259.5,0.95,-16964,17221.5,NA,NA,NA,NA,NA,NA,NA
"b1b2[1,33] Assis LAWS",-758.342513615133,-718.468,-594.721411543949,13108.6,0.95,-18819.3,15343.1,NA,NA,NA,NA,NA,NA,NA
"b1b2[2,33] Assoc LAWS",9967.761369536,9915.585,10115.7958792449,12257.1,0.95,-775.05,20294.2,NA,NA,NA,NA,NA,NA,NA
"b1b2[3,33] Full LAWS",-4379.81547061313,-4358.605,-4474.56477448539,13937.9,0.95,-14146.3,5745.41,NA,NA,NA,NA,NA,NA,NA
"b1b2[4,33] Endow LAWS",2393.48113971647,2339.495,1855.17320778533,12098.9,0.95,-7655.88,11956.6,NA,NA,NA,NA,NA,NA,NA
"b1b2[5,33] Disting LAWS",-7223.08452398293,-7083.865,-7318.43131135235,13452.7,0.95,-22008.6,7293.9,NA,NA,NA,NA,NA,NA,NA
"b1b2[1,34] Assis LGED",1412.57986056985,1340.195,379.916282585535,15000,0.95,-11693.8,15010.9,NA,NA,NA,NA,NA,NA,NA
"b1b2[2,34] Assoc LGED",504.9158350864,489.426,-940.497470630035,14406.1,0.95,-12271.9,13148.7,NA,NA,NA,NA,NA,NA,NA
"b1b2[3,34] Full LGED",-2701.42095874973,-2686.315,-2126.25139069541,15000,0.95,-17472.8,11625.4,NA,NA,NA,NA,NA,NA,NA
"b1b2[4,34] Endow LGED",341.264411221867,405.1245,463.325869489861,15000,0.95,-16543.1,17591,NA,NA,NA,NA,NA,NA,NA
"b1b2[5,34] Disting LGED",442.660710634733,406.9445,-1185.37704012994,15000,0.95,-16791.6,17164.3,NA,NA,NA,NA,NA,NA,NA
"b1b2[1,35] Assis LING",796.989974196807,774.866,-410.372342975592,15000,0.95,-14049.2,15786.4,NA,NA,NA,NA,NA,NA,NA
"b1b2[2,35] Assoc LING",61.8594913166667,20.0409,-692.88556210983,15401.7,0.95,-13823.7,14136.7,NA,NA,NA,NA,NA,NA,NA
"b1b2[3,35] Full LING",-1124.01551805828,-1140.015,-1687.09195001618,14588.1,0.95,-14336.7,12395.3,NA,NA,NA,NA,NA,NA,NA
"b1b2[4,35] Endow LING",163.081477290667,38.93455,-355.673518838143,15000,0.95,-16627.8,17524.6,NA,NA,NA,NA,NA,NA,NA
"b1b2[5,35] Disting LING",102.084443862867,69.8641,49.1734745515787,15000,0.95,-16788.8,17201.6,NA,NA,NA,NA,NA,NA,NA
"b1b2[1,36] Assis MATH",4966.10530771553,4998.985,5532.79200738297,15000,0.95,-6205.33,15783.2,NA,NA,NA,NA,NA,NA,NA
"b1b2[2,36] Assoc MATH",-2.66794129606667,29.52365,498.07294974559,13698.4,0.95,-10221.4,9695.96,NA,NA,NA,NA,NA,NA,NA
"b1b2[3,36] Full MATH",-11744.2103657213,-11714.15,-11801.8511484757,11561.8,0.95,-20794.9,-2771.98,NA,NA,NA,NA,NA,NA,NA
"b1b2[4,36] Endow MATH",13405.1505754514,13264.4,12487.7075413609,9880.9,0.95,-2519.43,28718.4,NA,NA,NA,NA,NA,NA,NA
"b1b2[5,36] Disting MATH",-6624.378178356,-6564.6,-7044.90980346371,13415.2,0.95,-21881.4,7814.42,NA,NA,NA,NA,NA,NA,NA
"b1b2[1,37] Assis MGMT",-4593.93123385533,-4623.05,-5038.91707270833,14620.8,0.95,-17481.5,7408.7,NA,NA,NA,NA,NA,NA,NA
"b1b2[2,37] Assoc MGMT",3491.9047968514,3429.725,3852.90605414034,15000,0.95,-9703.37,16234.9,NA,NA,NA,NA,NA,NA,NA
"b1b2[3,37] Full MGMT",-1289.26986959913,-1275.37,-884.513099176736,13420.2,0.95,-17804.4,16373.4,NA,NA,NA,NA,NA,NA,NA
"b1b2[4,37] Endow MGMT",3855.75760301907,3809.72,4222.70872469032,13741.6,0.95,-8929.02,16257.8,NA,NA,NA,NA,NA,NA,NA
"b1b2[5,37] Disting MGMT",-1464.461269248,-1433.005,-962.405413711997,15000,0.95,-18693.7,15613.5,NA,NA,NA,NA,NA,NA,NA
"b1b2[1,38] Assis MKTG",669.961122708,596.572,710.204096992144,15000,0.95,-11717.9,13807.2,NA,NA,NA,NA,NA,NA,NA
"b1b2[2,38] Assoc MKTG",7475.59598020733,7458.985,7730.37922564953,12864,0.95,-4771.12,19059.4,NA,NA,NA,NA,NA,NA,NA
"b1b2[3,38] Full MKTG",-9845.53587366533,-9668.505,-8935.75186488334,13072.8,0.95,-24702.7,5562.79,NA,NA,NA,NA,NA,NA,NA
"b1b2[4,38] Endow MKTG",3131.59755015107,3123.275,3016.09976981068,14258.9,0.95,-9337.35,15937,NA,NA,NA,NA,NA,NA,NA
"b1b2[5,38] Disting MKTG",-1431.61901650187,-1398.675,-1602.68832158417,14455.9,0.95,-18695.9,15262.8,NA,NA,NA,NA,NA,NA,NA
"b1b2[1,39] Assis MUHI",1573.65970752853,1577.595,1899.97677793322,15000,0.95,-12709.1,16636.7,NA,NA,NA,NA,NA,NA,NA
"b1b2[2,39] Assoc MUHI",2261.8773368644,2182.465,1241.17903606035,15362.8,0.95,-10419.9,14921.9,NA,NA,NA,NA,NA,NA,NA
"b1b2[3,39] Full MUHI",3691.794161974,3652.315,3714.68748846476,14514.6,0.95,-9742.65,16783.1,NA,NA,NA,NA,NA,NA,NA
"b1b2[4,39] Endow MUHI",624.850077340867,657.3095,852.50815121035,15000,0.95,-16675.3,17059.2,NA,NA,NA,NA,NA,NA,NA
"b1b2[5,39] Disting MUHI",-8152.18199983107,-8026.275,-7716.27857396365,14483.2,0.95,-22963.5,7479.65,NA,NA,NA,NA,NA,NA,NA
"b1b2[1,40] Assis MUIN",284.477528168133,316.3665,294.862360746734,14526.5,0.95,-14529,14648.1,NA,NA,NA,NA,NA,NA,NA
"b1b2[2,40] Assoc MUIN",8557.97013587387,8518.8,8725.0083125203,13163.4,0.95,-1998.07,19420.9,NA,NA,NA,NA,NA,NA,NA
"b1b2[3,40] Full MUIN",-1838.5573612474,-1851.96,-1556.80567727614,12869.9,0.95,-10807.4,7171.07,NA,NA,NA,NA,NA,NA,NA
"b1b2[4,40] Endow MUIN",-3038.11549124573,-3051.32,-2250.77970592146,15000,0.95,-15259.9,9578.1,NA,NA,NA,NA,NA,NA,NA
"b1b2[5,40] Disting MUIN",-3965.774684997,-3982.74,-4819.15718365306,15000,0.95,-17486.5,9296.37,NA,NA,NA,NA,NA,NA,NA
"b1b2[1,41] Assis MUST",51.9439151248667,68.09335,-217.260737013181,14232.3,0.95,-16802,16861.7,NA,NA,NA,NA,NA,NA,NA
"b1b2[2,41] Assoc MUST",-4499.69633022057,-4339.17,-3977.2048788141,15000,0.95,-19643.6,10262.3,NA,NA,NA,NA,NA,NA,NA
"b1b2[3,41] Full MUST",5227.379873485,5195.425,5432.08658214588,11633.2,0.95,-7194.01,17952.5,NA,NA,NA,NA,NA,NA,NA
"b1b2[4,41] Endow MUST",-755.3543994166,-787.645,-1978.71841441553,15000,0.95,-14488.3,12198.9,NA,NA,NA,NA,NA,NA,NA
"b1b2[5,41] Disting MUST",-24.2729956950667,-31.4365,-369.378230111601,14447.1,0.95,-16732.8,17350.8,NA,NA,NA,NA,NA,NA,NA
"b1b2[1,42] Assis MUTH",1036.48032319267,1083.66,1222.34429053729,15000,0.95,-13972,15594.1,NA,NA,NA,NA,NA,NA,NA
"b1b2[2,42] Assoc MUTH",-901.70530761116,-852.3845,-448.720609756165,15457.6,0.95,-14252,12191.6,NA,NA,NA,NA,NA,NA,NA
"b1b2[3,42] Full MUTH",-1217.69779127933,-1261.365,-1961.24773951601,14449.3,0.95,-14468.2,12191.8,NA,NA,NA,NA,NA,NA,NA
"b1b2[4,42] Endow MUTH",442.198238217067,424.3465,192.1502148082,15000,0.95,-16787.6,16961.7,NA,NA,NA,NA,NA,NA,NA
"b1b2[5,42] Disting MUTH",640.723960205333,626.4275,70.5091836772772,15000,0.95,-16277.7,17869.6,NA,NA,NA,NA,NA,NA,NA
"b1b2[1,43] Assis MUVO",554.074032319047,670.734,1778.01572682407,15000,0.95,-16482.7,17345.9,NA,NA,NA,NA,NA,NA,NA
"b1b2[2,43] Assoc MUVO",3789.94010909925,3667.62,3149.94984873623,15000,0.95,-9402.61,18789.2,NA,NA,NA,NA,NA,NA,NA
"b1b2[3,43] Full MUVO",3950.3229374352,3929.435,3974.57230187672,14008.6,0.95,-8991.85,17453.9,NA,NA,NA,NA,NA,NA,NA
"b1b2[4,43] Endow MUVO",627.798188754,711.1455,2197.64184070188,15000,0.95,-16939.9,16884.1,NA,NA,NA,NA,NA,NA,NA
"b1b2[5,43] Disting MUVO",-8922.134877438,-8738.97,-8400.95385365425,12122.3,0.95,-23844.6,6380.53,NA,NA,NA,NA,NA,NA,NA
"b1b2[1,44] Assis OADT",3631.20878154319,3597.145,3361.21773787075,14630.5,0.95,-8149.63,14891.1,NA,NA,NA,NA,NA,NA,NA
"b1b2[2,44] Assoc OADT",4834.0328988927,4777.25,4589.446966963,14238.9,0.95,-7534.58,17574.1,NA,NA,NA,NA,NA,NA,NA
"b1b2[3,44] Full OADT",-7351.73186313187,-7252.67,-6999.97432711106,14596.5,0.95,-21306.3,5563.5,NA,NA,NA,NA,NA,NA,NA
"b1b2[4,44] Endow OADT",186.260698257933,150.051,-134.916454341681,14512.6,0.95,-13587.5,13456.9,NA,NA,NA,NA,NA,NA,NA
"b1b2[5,44] Disting OADT",-1299.77025945447,-1265.235,-189.852911808863,15010.1,0.95,-18423,15681.4,NA,NA,NA,NA,NA,NA,NA
"b1b2[1,45] Assis OPT",4892.75395945,4853.44,4947.90039418012,15000,0.95,-7764.59,18180.5,NA,NA,NA,NA,NA,NA,NA
"b1b2[2,45] Assoc OPT",707.139261376,696.276,-163.149391803126,15000,0.95,-12554.4,13128.1,NA,NA,NA,NA,NA,NA,NA
"b1b2[3,45] Full OPT",-5973.31275448467,-5899.815,-5681.27712770756,15000,0.95,-18588.2,5921.62,NA,NA,NA,NA,NA,NA,NA
"b1b2[4,45] Endow OPT",202.260739703333,160.8475,759.685470574499,15000,0.95,-16736.2,17081.3,NA,NA,NA,NA,NA,NA,NA
"b1b2[5,45] Disting OPT",171.15858342426,208.818,508.597935399754,15000,0.95,-16413.2,17297.8,NA,NA,NA,NA,NA,NA,NA
"b1b2[1,46] Assis PHYS",138.624941257467,139.724,435.712103132457,14087,0.95,-10051.2,10617.7,NA,NA,NA,NA,NA,NA,NA
"b1b2[2,46] Assoc PHYS",2150.38966115,2132.76,2328.10716236798,14264.8,0.95,-8813.86,13389.3,NA,NA,NA,NA,NA,NA,NA
"b1b2[3,46] Full PHYS",10544.964664022,10531.05,10608.1710381519,12326.8,0.95,1055.81,20169.1,NA,NA,NA,NA,NA,NA,NA
"b1b2[4,46] Endow PHYS",0.231719286533337,34.15805,844.860281831818,14251,0.95,-16759.1,16998.5,NA,NA,NA,NA,NA,NA,NA
"b1b2[5,46] Disting PHYS",-12834.2109070293,-12678.3,-12324.4712111187,10940.7,0.95,-27113.1,842.802,NA,NA,NA,NA,NA,NA,NA
"b1b2[1,47] Assis PL",-1336.04702009467,-1278.88,-1202.731131596,13899.6,0.95,-15045.6,11713.8,NA,NA,NA,NA,NA,NA,NA
"b1b2[2,47] Assoc PL",-3035.2801842678,-3011.27,-3924.22569634342,15000,0.95,-16335.2,10361.1,NA,NA,NA,NA,NA,NA,NA
"b1b2[3,47] Full PL",2286.78434706241,2281.79,3013.43410137154,14398.4,0.95,-8882.38,13886.7,NA,NA,NA,NA,NA,NA,NA
"b1b2[4,47] Endow PL",1884.0887158966,1835.545,1222.62296183732,15000,0.95,-11058.5,14377,NA,NA,NA,NA,NA,NA,NA
"b1b2[5,47] Disting PL",200.454312354667,92.8893,-391.96825040695,15000,0.95,-17210.5,17097.7,NA,NA,NA,NA,NA,NA,NA
"b1b2[1,48] Assis POLS",-2841.70275530199,-2790.32,-3129.53908376046,15000,0.95,-16498.3,9936.55,NA,NA,NA,NA,NA,NA,NA
"b1b2[2,48] Assoc POLS",-11333.6433015353,-11295.8,-11179.7439528726,12127.2,0.95,-21851.8,-841.9,NA,NA,NA,NA,NA,NA,NA
"b1b2[3,48] Full POLS",3805.15875874411,3776.8,3683.75956905562,15519.7,0.95,-6256.59,14034.3,NA,NA,NA,NA,NA,NA,NA
"b1b2[4,48] Endow POLS",9378.25975216133,9259.73,9071.66901560894,11796.3,0.95,-4051,23054.8,NA,NA,NA,NA,NA,NA,NA
"b1b2[5,48] Disting POLS",991.928160386067,988.631,748.371690354623,14567.2,0.95,-13465.1,16121,NA,NA,NA,NA,NA,NA,NA
"b1b2[1,49] Assis PSY",-3332.80617314144,-3370.12,-3461.25284234736,14428.8,0.95,-13190.3,6828.48,NA,NA,NA,NA,NA,NA,NA
"b1b2[2,49] Assoc PSY",-12317.9486250067,-12251.75,-11707.0870608933,12862,0.95,-22040,-2971.42,NA,NA,NA,NA,NA,NA,NA
"b1b2[3,49] Full PSY",-15103.9435396,-15088.85,-16018.8581688813,11169.8,0.95,-23640.3,-6861.69,NA,NA,NA,NA,NA,NA,NA
"b1b2[4,49] Endow PSY",20523.7765529333,20466.45,19698.0345416879,11820.8,0.95,9448.85,31096.9,NA,NA,NA,NA,NA,NA,NA
"b1b2[5,49] Disting PSY",10230.9223825707,10198.45,10363.287629162,13218.6,0.95,-1065,21701.3,NA,NA,NA,NA,NA,NA,NA
"b1b2[1,50] Assis REL",-2074.31994598233,-2034.24,-1805.54103416711,15000,0.95,-13942.9,10813.2,NA,NA,NA,NA,NA,NA,NA
"b1b2[2,50] Assoc REL",-2275.16576628987,-2278.37,-2576.06928403498,15000,0.95,-14631.9,10021.5,NA,NA,NA,NA,NA,NA,NA
"b1b2[3,50] Full REL",3904.71148969127,3833.915,3573.86835339189,15000,0.95,-9257.97,16779.4,NA,NA,NA,NA,NA,NA,NA
"b1b2[4,50] Endow REL",156.125482583,157.0515,417.500475513552,15513.8,0.95,-16382.8,17760.3,NA,NA,NA,NA,NA,NA,NA
"b1b2[5,50] Disting REL",288.6486912156,233.462,-377.441384228448,15000,0.95,-17152.3,17323.6,NA,NA,NA,NA,NA,NA,NA
"b1b2[1,51] Assis RPAD",-2845.2562806954,-2767.835,-2954.8965794214,14567.9,0.95,-16549.8,9754.17,NA,NA,NA,NA,NA,NA,NA
"b1b2[2,51] Assoc RPAD",1230.84288595507,1124.545,215.103209889221,15000,0.95,-11655.9,13754.3,NA,NA,NA,NA,NA,NA,NA
"b1b2[3,51] Full RPAD",1552.518380865,1500.8,1335.22204881489,15000,0.95,-12229.4,14932.8,NA,NA,NA,NA,NA,NA,NA
"b1b2[4,51] Endow RPAD",29.6015046944,11.17255,-776.719538794234,14332.6,0.95,-17159.2,17228.3,NA,NA,NA,NA,NA,NA,NA
"b1b2[5,51] Disting RPAD",32.2937576895333,13.7716,-32.4138494482322,15000,0.95,-16288.1,17666,NA,NA,NA,NA,NA,NA,NA
"b1b2[1,52] Assis SLIS",1162.15568120187,1137.005,1142.37724640495,15379.3,0.95,-11254,14417.1,NA,NA,NA,NA,NA,NA,NA
"b1b2[2,52] Assoc SLIS",-721.823774435081,-738.6345,-1272.12019896346,15000,0.95,-12370.5,11396.7,NA,NA,NA,NA,NA,NA,NA
"b1b2[3,52] Full SLIS",-2076.09001009,-1987.075,-1250.34702380722,15000,0.95,-17449,12090.9,NA,NA,NA,NA,NA,NA,NA
"b1b2[4,52] Endow SLIS",1750.253731972,1681.37,1220.77292695703,15000,0.95,-11459.1,15500.1,NA,NA,NA,NA,NA,NA,NA
"b1b2[5,52] Disting SLIS",-114.495719735333,-186.9925,-489.527187802676,14859,0.95,-17738.2,16619.6,NA,NA,NA,NA,NA,NA,NA
"b1b2[1,53] Assis SLS",1611.594481916,1600.085,1454.96892253143,15562.4,0.95,-12414.9,14568.9,NA,NA,NA,NA,NA,NA,NA
"b1b2[2,53] Assoc SLS",-279.864593911547,-273.028,175.137782597514,12599.1,0.95,-14256.4,12846.1,NA,NA,NA,NA,NA,NA,NA
"b1b2[3,53] Full SLS",-2295.47722567527,-2231.85,-1880.79699396824,15000,0.95,-17270.3,12768.5,NA,NA,NA,NA,NA,NA,NA
"b1b2[4,53] Endow SLS",479.791628949853,438.719,795.411152553868,15000,0.95,-16253.4,16951.1,NA,NA,NA,NA,NA,NA,NA
"b1b2[5,53] Disting SLS",483.955564648867,562.8315,1076.11210666432,15000,0.95,-16352.2,17462.6,NA,NA,NA,NA,NA,NA,NA
"b1b2[1,54] Assis SOC",75.170571666,55.65695,-592.418049512467,15000,0.95,-11329.7,11036.9,NA,NA,NA,NA,NA,NA,NA
"b1b2[2,54] Assoc SOC",-244.635407311133,-234.2395,396.101956334816,13823.9,0.95,-10337.1,10569,NA,NA,NA,NA,NA,NA,NA
"b1b2[3,54] Full SOC",-1444.3605620087,-1503.245,-2225.0637277944,15000,0.95,-12533.8,10176.7,NA,NA,NA,NA,NA,NA,NA
"b1b2[4,54] Endow SOC",4715.09404986307,4750.045,4879.82301140488,14196.1,0.95,-7372.57,17486.2,NA,NA,NA,NA,NA,NA,NA
"b1b2[5,54] Disting SOC",-3101.26835246893,-2965.84,-3950.9476491372,15000,0.95,-17960.7,11700.2,NA,NA,NA,NA,NA,NA,NA
"b1b2[1,55] Assis SPAN",-248.303865308333,-217.6,115.694658198598,14516.8,0.95,-12014.5,11237.9,NA,NA,NA,NA,NA,NA,NA
"b1b2[2,55] Assoc SPAN",-1929.32084249653,-1957.59,-2398.67564938754,14299.9,0.95,-13215.4,9127.64,NA,NA,NA,NA,NA,NA,NA
"b1b2[3,55] Full SPAN",1358.63838633687,1335.295,1419.557220364,13922.5,0.95,-9889.34,12524,NA,NA,NA,NA,NA,NA,NA
"b1b2[4,55] Endow SPAN",436.809777778733,415.3045,-380.655038053475,14362.7,0.95,-16508.6,17451.8,NA,NA,NA,NA,NA,NA,NA
"b1b2[5,55] Disting SPAN",382.176710785733,385.448,-127.741028057739,14537.6,0.95,-16254.6,17726.1,NA,NA,NA,NA,NA,NA,NA
"b1b2[1,56] Assis SPEA",-1703.77003359237,-1728.235,-1877.08035904196,14627.9,0.95,-10446.4,6965.29,NA,NA,NA,NA,NA,NA,NA
"b1b2[2,56] Assoc SPEA",-5340.39344609247,-5344.37,-5649.97351131277,13347.9,0.95,-14183,3265.74,NA,NA,NA,NA,NA,NA,NA
"b1b2[3,56] Full SPEA",1441.94539567687,1413,1791.51464483437,15000,0.95,-8364.2,10777.3,NA,NA,NA,NA,NA,NA,NA
"b1b2[4,56] Endow SPEA",-15345.9356257,-15217.65,-14264.8276613009,10483.6,0.95,-28566.8,-2611.83,NA,NA,NA,NA,NA,NA,NA
"b1b2[5,56] Disting SPEA",20948.153276272,20694.85,19931.6557656058,8593,0.95,6473.52,36120.3,NA,NA,NA,NA,NA,NA,NA
"b1b2[1,57] Assis SPHS",-5158.75480948552,-5094.165,-4403.31127276125,12661.1,0.95,-17754.8,6995.43,NA,NA,NA,NA,NA,NA,NA
"b1b2[2,57] Assoc SPHS",-4435.8453541362,-4370.485,-4234.04820483885,13331,0.95,-16674.2,7289.79,NA,NA,NA,NA,NA,NA,NA
"b1b2[3,57] Full SPHS",-6113.72381597613,-5995.485,-5748.9073516428,11580.9,0.95,-17934.1,5622.74,NA,NA,NA,NA,NA,NA,NA
"b1b2[4,57] Endow SPHS",-153.121904906667,-116.589,1014.23960103533,14585.7,0.95,-17279.2,16236,NA,NA,NA,NA,NA,NA,NA
"b1b2[5,57] Disting SPHS",15861.4454496533,15514.05,13981.4738127058,10228.4,0.95,120.588,31908.1,NA,NA,NA,NA,NA,NA,NA
"b1b2[1,58] Assis STAT",-801.345538685533,-733.5005,462.387768863198,15000,0.95,-14244.6,12545.4,NA,NA,NA,NA,NA,NA,NA
"b1b2[2,58] Assoc STAT",-2232.86174294893,-2214.57,-2553.79831214643,13722,0.95,-17072,12222.2,NA,NA,NA,NA,NA,NA,NA
"b1b2[3,58] Full STAT",-134.9782443918,-167.783,-462.736007625637,14594.3,0.95,-16829.6,16997,NA,NA,NA,NA,NA,NA,NA
"b1b2[4,58] Endow STAT",3770.61921033033,3729.415,3153.39003849702,15000,0.95,-11081.3,18750.4,NA,NA,NA,NA,NA,NA,NA
"b1b2[5,58] Disting STAT",-601.433523023,-587.694,-89.784438368406,15000,0.95,-15405.9,14244.4,NA,NA,NA,NA,NA,NA,NA
"b1b2[1,59] Assis TELC",-68.2231416504,-14.19955,194.585870566727,15000,0.95,-12139.5,12546,NA,NA,NA,NA,NA,NA,NA
"b1b2[2,59] Assoc TELC",-1722.3692148716,-1710.535,-2228.65642228146,15000,0.95,-15108.9,11911.3,NA,NA,NA,NA,NA,NA,NA
"b1b2[3,59] Full TELC",890.621330498067,928.668,767.636167916065,15000,0.95,-11154.9,12630.2,NA,NA,NA,NA,NA,NA,NA
"b1b2[4,59] Endow TELC",241.379320535333,283.8185,248.788556975473,15720.1,0.95,-16881.6,16931.8,NA,NA,NA,NA,NA,NA,NA
"b1b2[5,59] Disting TELC",658.591910815,713.473,1080.02756150158,14637.9,0.95,-13906.7,15671.9,NA,NA,NA,NA,NA,NA,NA
"b1b2[1,60] Assis THTR",1215.00388336713,1190.465,1312.84605160136,14147.6,0.95,-12273.4,14473.6,NA,NA,NA,NA,NA,NA,NA
"b1b2[2,60] Assoc THTR",-2468.83453835593,-2418.08,-1415.73292789987,12741.5,0.95,-15517.6,10875.9,NA,NA,NA,NA,NA,NA,NA
"b1b2[3,60] Full THTR",332.747210505533,388.761,883.581374729059,14114.4,0.95,-16881.6,17049.7,NA,NA,NA,NA,NA,NA,NA
"b1b2[4,60] Endow THTR",477.117507414933,490.9805,601.270792048606,14282.1,0.95,-16723.2,17253.2,NA,NA,NA,NA,NA,NA,NA
"b1b2[5,60] Disting THTR",443.9658219928,448.998,1672.32765953853,14541.2,0.95,-16587.7,17673.9,NA,NA,NA,NA,NA,NA,NA
"m[1,1] Assis ACTG",176302.5044,176320,177306.941275116,13562.3,0.95,164248,188001,NA,NA,NA,NA,NA,NA,NA
"m[2,1] Assoc ACTG",183614.8224,183640.5,184875.760277834,15000,0.95,166866,201528,NA,NA,NA,NA,NA,NA,NA
"m[3,1] Full ACTG",192022.597666667,192023.5,191917.846662853,13545.3,0.95,180128,203908,NA,NA,NA,NA,NA,NA,NA
"m[4,1] Endow ACTG",230751.210733333,230814,230985.490055671,14397.8,0.95,214667,245764,NA,NA,NA,NA,NA,NA,NA
"m[5,1] Disting ACTG",263026.810933333,263078,262273.667514681,13753,0.95,237400,286920,NA,NA,NA,NA,NA,NA,NA
"m[1,2] Assis AFRO",65747.7773786667,65729,64638.9400371668,14528.5,0.95,38068.5,91795.4,NA,NA,NA,NA,NA,NA,NA
"m[2,2] Assoc AFRO",78834.69062,78836.45,78603.2704487382,15000,0.95,61301.6,95245.1,NA,NA,NA,NA,NA,NA,NA
"m[3,2] Full AFRO",107616.56466,107549.5,106503.465343073,14423.5,0.95,92024,122687,NA,NA,NA,NA,NA,NA,NA
"m[4,2] Endow AFRO",138828.46526,138770,139457.271357595,16037.8,0.95,110094,165274,NA,NA,NA,NA,NA,NA,NA
"m[5,2] Disting AFRO",167770.954066667,167868,168835.627335865,14520.2,0.95,140308,196736,NA,NA,NA,NA,NA,NA,NA
"m[1,3] Assis AMST",63649.1369066667,63671.45,63849.7617311386,14582.6,0.95,47006.2,80537.7,NA,NA,NA,NA,NA,NA,NA
"m[2,3] Assoc AMST",76631.8721933333,76582.25,76493.0782678905,15000,0.95,61312.8,92039.9,NA,NA,NA,NA,NA,NA,NA
"m[3,3] Full AMST",107460.84868,107385.5,106521.652576839,14054.1,0.95,80657,133972,NA,NA,NA,NA,NA,NA,NA
"m[4,3] Endow AMST",137390.440726667,137601,138833.310556092,14298.8,0.95,109809,164339,NA,NA,NA,NA,NA,NA,NA
"m[5,3] Disting AMST",166151.174733333,166210,166377.186320009,14612.3,0.95,138319,193896,NA,NA,NA,NA,NA,NA,NA
"m[1,4] Assis ANTH",64399.3411533333,64314.7,64271.4419122536,13954.4,0.95,44891.3,84573.2,NA,NA,NA,NA,NA,NA,NA
"m[2,4] Assoc ANTH",75948.6759533333,76012.2,76379.8600665827,15000,0.95,65878.5,85974.2,NA,NA,NA,NA,NA,NA,NA
"m[3,4] Full ANTH",104117.00738,104103,103938.243799256,15000,0.95,94095.1,113632,NA,NA,NA,NA,NA,NA,NA
"m[4,4] Endow ANTH",130908.053973333,130970.5,130374.740163696,13018.1,0.95,110752,151204,NA,NA,NA,NA,NA,NA,NA
"m[5,4] Disting ANTH",163722.216133333,163633.5,162715.973268401,13054,0.95,138561,188750,NA,NA,NA,NA,NA,NA,NA
"m[1,5] Assis APHS",78026.3566533333,78002.1,78337.111198785,14467,0.95,64134.3,91178.1,NA,NA,NA,NA,NA,NA,NA
"m[2,5] Assoc APHS",93475.2417066667,93458.85,93282.3618553549,15439.1,0.95,83428.6,104729,NA,NA,NA,NA,NA,NA,NA
"m[3,5] Full APHS",136170.725466667,136176.5,137113.010704421,13338.8,0.95,121299,150560,NA,NA,NA,NA,NA,NA,NA
"m[4,5] Endow APHS",157017.774133333,156925.5,157749.219715842,13704.5,0.95,133560,182334,NA,NA,NA,NA,NA,NA,NA
"m[5,5] Disting APHS",185461.0324,185489,183284.191558088,13622.5,0.95,159843,210354,NA,NA,NA,NA,NA,NA,NA
"m[1,6] Assis AST",77974.9349866667,77987.55,78156.1705675513,15000,0.95,55502.3,97960.2,NA,NA,NA,NA,NA,NA,NA
"m[2,6] Assoc AST",88591.4074533333,88583.85,87283.6114492098,14621.3,0.95,69944.5,106555,NA,NA,NA,NA,NA,NA,NA
"m[3,6] Full AST",120712.0625,120882.5,121734.191032642,15000,0.95,103835,136795,NA,NA,NA,NA,NA,NA,NA
"m[4,6] Endow AST",165946.238133333,165835.5,164819.577243248,12459,0.95,142454,186391,NA,NA,NA,NA,NA,NA,NA
"m[5,6] Disting AST",182790.585266667,182772,182342.662313643,15000,0.95,155342,208843,NA,NA,NA,NA,NA,NA,NA
"m[1,7] Assis BEPP",128642.92264,128705,128878.7615917,15000,0.95,111852,144533,NA,NA,NA,NA,NA,NA,NA
"m[2,7] Assoc BEPP",143557.207066667,143543,143233.072953433,15000,0.95,128866,158774,NA,NA,NA,NA,NA,NA,NA
"m[3,7] Full BEPP",172043.579466667,172077.5,169965.409783967,14238.1,0.95,147145,197935,NA,NA,NA,NA,NA,NA,NA
"m[4,7] Endow BEPP",205854.551866667,205733.5,204325.980653544,14320.1,0.95,186401,223701,NA,NA,NA,NA,NA,NA,NA
"m[5,7] Disting BEPP",230777.393866667,230869,232132.125257841,14077.1,0.95,205306,258059,NA,NA,NA,NA,NA,NA,NA
"m[1,8] Assis BFIN",193929.962333333,193876,192497.882207822,14091.5,0.95,181208,206202,NA,NA,NA,NA,NA,NA,NA
"m[2,8] Assoc BFIN",212683.108066667,212618,212131.571759244,14574.6,0.95,202106,223429,NA,NA,NA,NA,NA,NA,NA
"m[3,8] Full BFIN",234641.329933333,234547.5,234722.892225294,14531.1,0.95,219304,250233,NA,NA,NA,NA,NA,NA,NA
"m[4,8] Endow BFIN",250829.342666667,250874,251000.363890417,11721.7,0.95,234869,266979,NA,NA,NA,NA,NA,NA,NA
"m[5,8] Disting BFIN",289679.931266667,289905.5,290247.23609338,15270.8,0.95,264013,314060,NA,NA,NA,NA,NA,NA,NA
"m[1,9] Assis BI",77175.37662,77154.95,76991.9384388971,15000,0.95,67179.7,86318.6,NA,NA,NA,NA,NA,NA,NA
"m[2,9] Assoc BI",87590.7734333333,87613.85,87742.8790316132,15000,0.95,80023.8,95057.6,NA,NA,NA,NA,NA,NA,NA
"m[3,9] Full BI",121947.696066667,121912,121397.711989873,15000,0.95,112752,131172,NA,NA,NA,NA,NA,NA,NA
"m[4,9] Endow BI",147155.675866667,147247.5,147489.115770551,13531.1,0.95,128119,166284,NA,NA,NA,NA,NA,NA,NA
"m[5,9] Disting BI",184494.5278,184446,184138.267540255,15000,0.95,173930,196288,NA,NA,NA,NA,NA,NA,NA
"m[1,10] Assis BLAN",102702.21832,102683,101658.106098767,15000,0.95,87027.6,119633,NA,NA,NA,NA,NA,NA,NA
"m[2,10] Assoc BLAN",113061.167813333,113011,111406.538570841,15000,0.95,94825.9,131303,NA,NA,NA,NA,NA,NA,NA
"m[3,10] Full BLAN",141724.0956,141836,142577.679968919,14156.6,0.95,121167,162730,NA,NA,NA,NA,NA,NA,NA
"m[4,10] Endow BLAN",168105.4634,168165,168412.699047388,14276.1,0.95,147342,190413,NA,NA,NA,NA,NA,NA,NA
"m[5,10] Disting BLAN",200229.8486,200242.5,198630.025464738,15000,0.95,172979,226597,NA,NA,NA,NA,NA,NA,NA
"m[1,11] Assis CEDP",66694.5316,66694.25,66756.1137918572,15000,0.95,54734.2,78295.7,NA,NA,NA,NA,NA,NA,NA
"m[2,11] Assoc CEDP",76704.06628,76697,76537.1427927912,14326.5,0.95,66732.3,86984.2,NA,NA,NA,NA,NA,NA,NA
"m[3,11] Full CEDP",105740.582273333,105751,105175.405718745,15000,0.95,94746.7,116702,NA,NA,NA,NA,NA,NA,NA
"m[4,11] Endow CEDP",137739.94558,137706.5,136662.537015896,13086.3,0.95,113293,161227,NA,NA,NA,NA,NA,NA,NA
"m[5,11] Disting CEDP",166680.697533333,166786,167594.717556107,13670.9,0.95,142196,191585,NA,NA,NA,NA,NA,NA,NA
"m[1,12] Assis CEUS",60846.9020933333,60860.2,61545.5984013016,14615.6,0.95,40337.1,81328.2,NA,NA,NA,NA,NA,NA,NA
"m[2,12] Assoc CEUS",78917.45908,78952.3,79471.8401675749,14563.9,0.95,63932.8,93350.7,NA,NA,NA,NA,NA,NA,NA
"m[3,12] Full CEUS",106043.066646667,106074.5,104963.262451004,14740.3,0.95,92870.1,119817,NA,NA,NA,NA,NA,NA,NA
"m[4,12] Endow CEUS",120724.195193333,120783.5,119664.59778576,12851.4,0.95,99877.9,142335,NA,NA,NA,NA,NA,NA,NA
"m[5,12] Disting CEUS",161523.784466667,161648.5,162351.376635988,13987.4,0.95,135908,187929,NA,NA,NA,NA,NA,NA,NA
"m[1,13] Assis CHEM",87206.7767466667,87244.55,87382.7749906051,15000,0.95,76653.9,96869.6,NA,NA,NA,NA,NA,NA,NA
"m[2,13] Assoc CHEM",109218.694253333,109188.5,109067.812467143,16291.3,0.95,98844,120577,NA,NA,NA,NA,NA,NA,NA
"m[3,13] Full CHEM",156049.114266667,156025,155956.283919538,14087.7,0.95,145314,166684,NA,NA,NA,NA,NA,NA,NA
"m[4,13] Endow CHEM",177569.338333333,177576.5,176130.406161169,15000,0.95,163951,191961,NA,NA,NA,NA,NA,NA,NA
"m[5,13] Disting CHEM",201436.675533333,201399.5,200660.985662062,14557,0.95,187208,215406,NA,NA,NA,NA,NA,NA,NA
"m[1,14] Assis CMCL",62370.14838,62361,61973.5624818231,15000,0.95,46687.7,78242,NA,NA,NA,NA,NA,NA,NA
"m[2,14] Assoc CMCL",76632.20228,76588.05,76532.7724921626,15653.4,0.95,66831.7,86345.6,NA,NA,NA,NA,NA,NA,NA
"m[3,14] Full CMCL",110865.30586,110894.5,111073.61246464,14278,0.95,94494.1,126396,NA,NA,NA,NA,NA,NA,NA
"m[4,14] Endow CMCL",138264.454233333,138339.5,139436.480290919,13198.9,0.95,112898,162682,NA,NA,NA,NA,NA,NA,NA
"m[5,14] Disting CMCL",166735.238946667,166792.5,166325.692966454,13810.4,0.95,140288,191633,NA,NA,NA,NA,NA,NA,NA
"m[1,15] Assis CMLT",60659.0544666667,60663.1,60371.5971611204,15000,0.95,42057.9,78363.3,NA,NA,NA,NA,NA,NA,NA
"m[2,15] Assoc CMLT",71808.51088,71901.7,73458.4563862489,15000,0.95,53235.2,90027.7,NA,NA,NA,NA,NA,NA,NA
"m[3,15] Full CMLT",100237.971306667,100292.5,99936.4595668714,15000,0.95,85750.4,115489,NA,NA,NA,NA,NA,NA,NA
"m[4,15] Endow CMLT",132791.98552,132815.5,134476.330979076,14524.9,0.95,107445,159144,NA,NA,NA,NA,NA,NA,NA
"m[5,15] Disting CMLT",161307.029866667,161339,161582.661267404,14606.4,0.95,133744,188169,NA,NA,NA,NA,NA,NA,NA
"m[1,16] Assis CRIN",62423.90686,62430.25,62642.8533974524,15000,0.95,50340,75385,NA,NA,NA,NA,NA,NA,NA
"m[2,16] Assoc CRIN",74052.3124466667,74060.25,74359.1454643146,15000,0.95,62943.6,85059.5,NA,NA,NA,NA,NA,NA,NA
"m[3,16] Full CRIN",98229.24222,98259.6,98483.4020837549,13836.9,0.95,86748.3,110099,NA,NA,NA,NA,NA,NA,NA
"m[4,16] Endow CRIN",126595.718693333,126657.5,127020.2837521,14310.8,0.95,108410,142813,NA,NA,NA,NA,NA,NA,NA
"m[5,16] Disting CRIN",160212.919533333,160243.5,159539.789371211,13693.5,0.95,136566,186111,NA,NA,NA,NA,NA,NA,NA
"m[1,17] Assis CSCI",94189.2296266667,94191.95,94159.3431785992,15000,0.95,82835.9,105928,NA,NA,NA,NA,NA,NA,NA
"m[2,17] Assoc CSCI",107834.4245,107837,107728.52474301,15453.7,0.95,98677.8,116341,NA,NA,NA,NA,NA,NA,NA
"m[3,17] Full CSCI",135835.257533333,135884.5,136499.60243584,15000,0.95,125427,146311,NA,NA,NA,NA,NA,NA,NA
"m[4,17] Endow CSCI",166623.056266667,166726,166456.303125132,12245.1,0.95,142555,190395,NA,NA,NA,NA,NA,NA,NA
"m[5,17] Disting CSCI",195212.255666667,195298,195309.335709349,12506,0.95,170091,219294,NA,NA,NA,NA,NA,NA,NA
"m[1,18] Assis EALC",63552.79678,63615.85,63908.0746750643,15465.4,0.95,51144.8,76181,NA,NA,NA,NA,NA,NA,NA
"m[2,18] Assoc EALC",74913.1680733333,74932.2,75606.9790105562,15000,0.95,60267.4,89080.3,NA,NA,NA,NA,NA,NA,NA
"m[3,18] Full EALC",106066.038926667,106076,106286.360832235,15000,0.95,91415.4,120302,NA,NA,NA,NA,NA,NA,NA
"m[4,18] Endow EALC",136442.78884,136480,137299.008949472,13800.4,0.95,111391,161252,NA,NA,NA,NA,NA,NA,NA
"m[5,18] Disting EALC",165009.284733333,164972,165029.463313189,15765.3,0.95,138567,189940,NA,NA,NA,NA,NA,NA,NA
"m[1,19] Assis ECON",119886.9824,119876,119336.711875,12736.5,0.95,108301,131143,NA,NA,NA,NA,NA,NA,NA
"m[2,19] Assoc ECON",157260.777333333,157271,157913.040548754,13107.6,0.95,142238,173627,NA,NA,NA,NA,NA,NA,NA
"m[3,19] Full ECON",184884.610533333,184872.5,184536.731927184,14545.9,0.95,173735,196101,NA,NA,NA,NA,NA,NA,NA
"m[4,19] Endow ECON",218834.5564,218759.5,219872.093614736,12516.4,0.95,199279,240438,NA,NA,NA,NA,NA,NA,NA
"m[5,19] Disting ECON",238052.557666667,238223,239235.218632306,13874.1,0.95,212858,263124,NA,NA,NA,NA,NA,NA,NA
"m[1,20] Assis ELPS",71724.0576133333,71742.3,71642.4672924421,15000,0.95,55613.4,87569.9,NA,NA,NA,NA,NA,NA,NA
"m[2,20] Assoc ELPS",84833.5418066667,84862.15,85198.5988549452,15000,0.95,74087.1,95414.3,NA,NA,NA,NA,NA,NA,NA
"m[3,20] Full ELPS",124166.738266667,124158,123937.529690867,14508.5,0.95,109670,138811,NA,NA,NA,NA,NA,NA,NA
"m[4,20] Endow ELPS",148265.007053333,148224,147150.835821798,14053.2,0.95,122856,172306,NA,NA,NA,NA,NA,NA,NA
"m[5,20] Disting ELPS",176756.5328,176716.5,175848.126403573,14788.3,0.95,151337,202542,NA,NA,NA,NA,NA,NA,NA
"m[1,21] Assis ENG",64054.1644133333,64067.7,64665.7671577136,14445,0.95,51579.8,76151.8,NA,NA,NA,NA,NA,NA,NA
"m[2,21] Assoc ENG",78732.0442266667,78744.75,79034.2652824996,15000,0.95,70946.5,86533.6,NA,NA,NA,NA,NA,NA,NA
"m[3,21] Full ENG",110863.27018,110856.5,111393.698721141,14176.1,0.95,101518,119859,NA,NA,NA,NA,NA,NA,NA
"m[4,21] Endow ENG",121401.594253333,121433.5,120589.46496378,10795.2,0.95,106166,137881,NA,NA,NA,NA,NA,NA,NA
"m[5,21] Disting ENG",163587.6096,163701.5,164067.605556804,12873.2,0.95,139563,187932,NA,NA,NA,NA,NA,NA,NA
"m[1,22] Assis FINH",60834.7720866667,60860.45,60521.0008203148,15000,0.95,45958,75674.4,NA,NA,NA,NA,NA,NA,NA
"m[2,22] Assoc FINH",73185.26458,73137.15,73038.9933363585,15000,0.95,58779.3,88408.4,NA,NA,NA,NA,NA,NA,NA
"m[3,22] Full FINH",98377.5359133333,98346.2,97133.9121918979,14427.2,0.95,77764.8,120243,NA,NA,NA,NA,NA,NA,NA
"m[4,22] Endow FINH",132640.8687,132629.5,132245.975829605,13096.7,0.95,106925,158263,NA,NA,NA,NA,NA,NA,NA
"m[5,22] Disting FINH",161236.3226,161290,161845.090783036,14282,0.95,135044,188245,NA,NA,NA,NA,NA,NA,NA
"m[1,23] Assis FINS",62284.7071133333,62151.15,61888.2042717758,14011,0.95,41724.1,84563.3,NA,NA,NA,NA,NA,NA,NA
"m[2,23] Assoc FINS",73416.3156333333,73407.35,73504.016614803,16431.4,0.95,64164.1,83519.3,NA,NA,NA,NA,NA,NA,NA
"m[3,23] Full FINS",105342.067266667,105198.5,106117.05963779,12870.1,0.95,80403.6,131734,NA,NA,NA,NA,NA,NA,NA
"m[4,23] Endow FINS",135625.543246667,135534.5,134815.322933656,12557.3,0.95,114365,156667,NA,NA,NA,NA,NA,NA,NA
"m[5,23] Disting FINS",164029.515333333,164052,164360.777445819,13020.7,0.95,136439,190468,NA,NA,NA,NA,NA,NA,NA
"m[1,24] Assis FOLK",60581.3165533333,60481.95,59812.9307965799,15000,0.95,43446.6,79315.2,NA,NA,NA,NA,NA,NA,NA
"m[2,24] Assoc FOLK",73821.4957666667,73798.4,73575.3888624308,14540.8,0.95,60079.2,86927.8,NA,NA,NA,NA,NA,NA,NA
"m[3,24] Full FOLK",98487.3912666667,98489.5,98752.5760142622,15000,0.95,82649.8,114473,NA,NA,NA,NA,NA,NA,NA
"m[4,24] Endow FOLK",130716.724266667,130782,130502.540960668,14646.9,0.95,110398,151078,NA,NA,NA,NA,NA,NA,NA
"m[5,24] Disting FOLK",160954.877933333,161031,163160.092301682,14217.7,0.95,134953,186273,NA,NA,NA,NA,NA,NA,NA
"m[1,25] Assis FRIT",68374.53034,68335.85,68923.9756895641,15000,0.95,52170.1,83847.4,NA,NA,NA,NA,NA,NA,NA
"m[2,25] Assoc FRIT",71309.2834533333,71389.25,71523.3850887648,14653.6,0.95,57890.2,84740.5,NA,NA,NA,NA,NA,NA,NA
"m[3,25] Full FRIT",117661.458393333,117643,117559.709591571,15000,0.95,105395,130465,NA,NA,NA,NA,NA,NA,NA
"m[4,25] Endow FRIT",140696.82836,140728,140959.093107768,14089.3,0.95,115457,165363,NA,NA,NA,NA,NA,NA,NA
"m[5,25] Disting FRIT",169385.727066667,169480.5,169488.424877277,14103.4,0.95,143092,194534,NA,NA,NA,NA,NA,NA,NA
"m[1,26] Assis GEOG",71212.3492,71237.4,72068.3263388658,15000,0.95,56702,86530.3,NA,NA,NA,NA,NA,NA,NA
"m[2,26] Assoc GEOG",84128.3800733333,84062.75,83648.0018908078,15000,0.95,63494.4,105498,NA,NA,NA,NA,NA,NA,NA
"m[3,26] Full GEOG",117455.026526667,117451,117678.688092822,15000,0.95,101517,134516,NA,NA,NA,NA,NA,NA,NA
"m[4,26] Endow GEOG",145517.92938,145541.5,145244.336992183,15000,0.95,119754,172179,NA,NA,NA,NA,NA,NA,NA
"m[5,26] Disting GEOG",174205.1572,174145,172287.581965291,14421.3,0.95,147419,201714,NA,NA,NA,NA,NA,NA,NA
"m[1,27] Assis GEOL",69130.9866066667,69157.8,69357.1457904938,15000,0.95,54888.5,83389.7,NA,NA,NA,NA,NA,NA,NA
"m[2,27] Assoc GEOL",79138.2369533333,79257.95,79469.3244598385,13527.6,0.95,63118.6,94341.4,NA,NA,NA,NA,NA,NA,NA
"m[3,27] Full GEOL",117876.216606667,117908,117611.598357617,14055.3,0.95,107621,127196,NA,NA,NA,NA,NA,NA,NA
"m[4,27] Endow GEOL",130043.033926667,130175,132017.671850122,12522,0.95,109487,150677,NA,NA,NA,NA,NA,NA,NA
"m[5,27] Disting GEOL",168840.864333333,168987.5,168631.975311365,12879.9,0.95,143235,193325,NA,NA,NA,NA,NA,NA,NA
"m[1,28] Assis GERM",50550.8815724,50604.55,51613.6925330476,13975.2,0.95,23607.9,76379.2,NA,NA,NA,NA,NA,NA,NA
"m[2,28] Assoc GERM",64859.49222,64852.35,65207.9042585832,12858,0.95,43062.8,85822.7,NA,NA,NA,NA,NA,NA,NA
"m[3,28] Full GERM",98303.41098,98286.85,97864.1472384052,14373.7,0.95,85606.1,110145,NA,NA,NA,NA,NA,NA,NA
"m[4,28] Endow GERM",115364.797753333,115443,114814.656864405,13231.6,0.95,92918,136980,NA,NA,NA,NA,NA,NA,NA
"m[5,28] Disting GERM",152559.847193333,152564.5,152696.881339818,13840.7,0.95,124880,180498,NA,NA,NA,NA,NA,NA,NA
"m[1,29] Assis HIST",67492.0826466667,67461.65,67277.5038602343,15000,0.95,56998.9,77802,NA,NA,NA,NA,NA,NA,NA
"m[2,29] Assoc HIST",82230.9806666667,82251.25,82378.8794798538,15463.6,0.95,73186.7,91110.4,NA,NA,NA,NA,NA,NA,NA
"m[3,29] Full HIST",111631.51798,111615,111359.625981676,15449,0.95,101573,121519,NA,NA,NA,NA,NA,NA,NA
"m[4,29] Endow HIST",141556.014533333,141548,141305.252632093,15000,0.95,126382,156805,NA,NA,NA,NA,NA,NA,NA
"m[5,29] Disting HIST",170504.636733333,170488.5,172651.383352244,13449.2,0.95,145878,193642,NA,NA,NA,NA,NA,NA,NA
"m[1,30] Assis INFO",91083.4361133333,91045.85,90570.0439030792,14635.6,0.95,75604.8,106398,NA,NA,NA,NA,NA,NA,NA
"m[2,30] Assoc INFO",101233.378786667,101238.5,101473.039495619,15000,0.95,90455.3,111569,NA,NA,NA,NA,NA,NA,NA
"m[3,30] Full INFO",137202.442733333,137153.5,136559.533143246,15000,0.95,125634,148771,NA,NA,NA,NA,NA,NA,NA
"m[4,30] Endow INFO",161217.207733333,161167,160907.386330282,14655.4,0.95,141498,181708,NA,NA,NA,NA,NA,NA,NA
"m[5,30] Disting INFO",192021.634533333,191976,190819.785943914,13560.4,0.95,167823,217154,NA,NA,NA,NA,NA,NA,NA
"m[1,31] Assis JOUR",68162.0014,68199.15,68342.7551206489,14882.7,0.95,53096.3,81766.6,NA,NA,NA,NA,NA,NA,NA
"m[2,31] Assoc JOUR",82951.42036,82942.05,82798.8695311933,15000,0.95,68929.8,96062.6,NA,NA,NA,NA,NA,NA,NA
"m[3,31] Full JOUR",102648.4235,102766,103705.878262888,14542.8,0.95,89073.2,116340,NA,NA,NA,NA,NA,NA,NA
"m[4,31] Endow JOUR",139290.753313333,139266.5,138440.926006441,14023.9,0.95,114158,163650,NA,NA,NA,NA,NA,NA,NA
"m[5,31] Disting JOUR",168056.8238,168057.5,167627.833045039,14009.2,0.95,142425,193698,NA,NA,NA,NA,NA,NA,NA
"m[1,32] Assis KINE",72089.6237866667,72134.6,72636.5472112627,15000,0.95,58140,85099,NA,NA,NA,NA,NA,NA,NA
"m[2,32] Assoc KINE",85975.6303333333,86011.2,86695.5488947878,15000,0.95,71804.5,100725,NA,NA,NA,NA,NA,NA,NA
"m[3,32] Full KINE",119397.065786667,119397.5,119316.400858764,15523.9,0.95,106577,131804,NA,NA,NA,NA,NA,NA,NA
"m[4,32] Endow KINE",146923.31848,146933,147737.031629759,14536.3,0.95,122126,170879,NA,NA,NA,NA,NA,NA,NA
"m[5,32] Disting KINE",175714.954666667,175714.5,175492.356718441,13628.3,0.95,150485,201495,NA,NA,NA,NA,NA,NA,NA
"m[1,33] Assis LAWS",120246.10868,120282.5,120551.72113357,12255.8,0.95,97338.1,143660,NA,NA,NA,NA,NA,NA,NA
"m[2,33] Assoc LAWS",144290.1006,144237,144378.422132978,16006.9,0.95,133164,155302,NA,NA,NA,NA,NA,NA,NA
"m[3,33] Full LAWS",159871.759933333,159946.5,160130.869764904,15419.9,0.95,150491,169960,NA,NA,NA,NA,NA,NA,NA
"m[4,33] Endow LAWS",196688.289333333,196674,196127.92971875,15579.3,0.95,188432,204564,NA,NA,NA,NA,NA,NA,NA
"m[5,33] Disting LAWS",215718.3576,215958.5,217026.50527259,12459.8,0.95,194287,235199,NA,NA,NA,NA,NA,NA,NA
"m[1,34] Assis LGED",62110.9064133333,62070.7,61561.4955087229,15000,0.95,46328.9,78916.5,NA,NA,NA,NA,NA,NA,NA
"m[2,34] Assoc LGED",74521.13166,74572.2,74762.4598510215,16073,0.95,62180,86284.1,NA,NA,NA,NA,NA,NA,NA
"m[3,34] Full LGED",101244.0305,101206,99465.8269392361,15000,0.95,79910,121090,NA,NA,NA,NA,NA,NA,NA
"m[4,34] Endow LGED",134329.952126667,134394,135118.959911741,14407.6,0.95,108095,159369,NA,NA,NA,NA,NA,NA,NA
"m[5,34] Disting LGED",163077.9774,163090,165629.83236023,14305.7,0.95,136114,188631,NA,NA,NA,NA,NA,NA,NA
"m[1,35] Assis LING",68569.3904466667,68697.15,69391.9968534062,14260.1,0.95,47338.2,89782.1,NA,NA,NA,NA,NA,NA,NA
"m[2,35] Assoc LING",81152.14992,81134.75,79984.9852410201,15000,0.95,62662.4,99772.8,NA,NA,NA,NA,NA,NA,NA
"m[3,35] Full LING",109895.51086,109873.5,108743.883136953,15492.3,0.95,95847.2,123469,NA,NA,NA,NA,NA,NA,NA
"m[4,35] Endow LING",141225.838333333,141151,140046.721168637,14617.5,0.95,116426,168502,NA,NA,NA,NA,NA,NA,NA
"m[5,35] Disting LING",169811.477466667,170013.5,171005.507594382,13882.3,0.95,142496,196913,NA,NA,NA,NA,NA,NA,NA
"m[1,36] Assis MATH",79029.1706533333,79021.3,78898.5252457733,13969.7,0.95,65884.5,92101.2,NA,NA,NA,NA,NA,NA,NA
"m[2,36] Assoc MATH",87378.2877933333,87347.35,87471.7001290922,14506.2,0.95,76413.3,98330.2,NA,NA,NA,NA,NA,NA,NA
"m[3,36] Full MATH",105565.98328,105570.5,105640.242223945,15962.6,0.95,98894.6,112371,NA,NA,NA,NA,NA,NA,NA
"m[4,36] Endow MATH",160758.574066667,160686,162253.289138627,9331.6,0.95,139454,180940,NA,NA,NA,NA,NA,NA,NA
"m[5,36] Disting MATH",169375.681733333,169463.5,168643.470086122,13275.5,0.95,148778,188989,NA,NA,NA,NA,NA,NA,NA
"m[1,37] Assis MGMT",138935.048666667,138917,138201.203320014,15000,0.95,125600,152503,NA,NA,NA,NA,NA,NA,NA
"m[2,37] Assoc MGMT",160338.772533333,160288.5,160622.005970812,15000,0.95,144551,176190,NA,NA,NA,NA,NA,NA,NA
"m[3,37] Full MGMT",185486.8346,185525.5,185770.824044264,12577,0.95,160738,209951,NA,NA,NA,NA,NA,NA,NA
"m[4,37] Endow MGMT",220675.0956,220694,221022.881499488,12931.3,0.95,206459,235698,NA,NA,NA,NA,NA,NA,NA
"m[5,37] Disting MGMT",244001.5116,243951,242625.210034639,14074.6,0.95,217307,268942,NA,NA,NA,NA,NA,NA,NA
"m[1,38] Assis MKTG",148809.024533333,148785.5,148187.225890505,15000,0.95,133471,164885,NA,NA,NA,NA,NA,NA,NA
"m[2,38] Assoc MKTG",168932.5512,168944,168923.147360884,15000,0.95,156196,181138,NA,NA,NA,NA,NA,NA,NA
"m[3,38] Full MKTG",181540.651733333,181691.5,181772.305042209,12496.6,0.95,160987,201813,NA,NA,NA,NA,NA,NA,NA
"m[4,38] Endow MKTG",224561.020333333,224566,224601.504378602,15000,0.95,207771,239684,NA,NA,NA,NA,NA,NA,NA
"m[5,38] Disting MKTG",248644.439133333,248925.5,250475.552770934,13768.2,0.95,223258,274232,NA,NA,NA,NA,NA,NA,NA
"m[1,39] Assis MUHI",51816.2313866667,51745.7,51227.403754404,14651.1,0.95,31363,72837.6,NA,NA,NA,NA,NA,NA,NA
"m[2,39] Assoc MUHI",65822.3389666667,65858.05,66393.8095674805,15869.3,0.95,51208.4,80624.3,NA,NA,NA,NA,NA,NA,NA
"m[3,39] Full MUHI",97181.4921733333,97163.3,96731.7995696965,14068.6,0.95,81290.3,113537,NA,NA,NA,NA,NA,NA,NA
"m[4,39] Endow MUHI",124157.776066667,124322,126617.020243711,14542,0.95,99245.8,149885,NA,NA,NA,NA,NA,NA,NA
"m[5,39] Disting MUHI",144027.38214,144113,143293.527737102,13262.3,0.95,122118,165504,NA,NA,NA,NA,NA,NA,NA
"m[1,40] Assis MUIN",58078.1027933333,58113.9,58691.5274842973,13434.7,0.95,39596.4,78420.2,NA,NA,NA,NA,NA,NA,NA
"m[2,40] Assoc MUIN",79669.48498,79650.45,79633.6090556517,14308.4,0.95,67145.8,92015.4,NA,NA,NA,NA,NA,NA,NA
"m[3,40] Full MUIN",99202.1925733333,99192.85,99200.9179533282,15700.4,0.95,92817.5,106126,NA,NA,NA,NA,NA,NA,NA
"m[4,40] Endow MUIN",128045.867646667,128016,128394.37649598,13922.3,0.95,112664,143886,NA,NA,NA,NA,NA,NA,NA
"m[5,40] Disting MUIN",155764.841933333,155734.5,155668.500293857,14204.5,0.95,137650,173152,NA,NA,NA,NA,NA,NA,NA
"m[1,41] Assis MUST",79029.1208466667,79239.65,81435.8694522256,13794.2,0.95,54526,104501,NA,NA,NA,NA,NA,NA,NA
"m[2,41] Assoc MUST",87795.36998,88026.65,89006.7320546516,14244.3,0.95,67053.5,108195,NA,NA,NA,NA,NA,NA,NA
"m[3,41] Full MUST",127451.677266667,127454.5,127527.98645562,15568,0.95,116786,137573,NA,NA,NA,NA,NA,NA,NA
"m[4,41] Endow MUST",151512.1782,151570.5,152038.689234777,15000,0.95,135062,167713,NA,NA,NA,NA,NA,NA,NA
"m[5,41] Disting MUST",180889.892733333,181032.5,181439.18813823,13574.6,0.95,154243,207823,NA,NA,NA,NA,NA,NA,NA
"m[1,42] Assis MUTH",54437.092596,54345.4,54216.3086057498,15000,0.95,32578,74987.7,NA,NA,NA,NA,NA,NA,NA
"m[2,42] Assoc MUTH",65816.79652,65807.3,66894.4686017534,15000,0.95,50935.5,81448.2,NA,NA,NA,NA,NA,NA,NA
"m[3,42] Full MUTH",95430.0378333333,95499.8,95875.7389692708,15000,0.95,78908.5,111845,NA,NA,NA,NA,NA,NA,NA
"m[4,42] Endow MUTH",127133.16822,127131,127211.823126833,15000,0.95,100278,152753,NA,NA,NA,NA,NA,NA,NA
"m[5,42] Disting MUTH",155978.332213333,156091,156863.542884393,14365.8,0.95,128615,182429,NA,NA,NA,NA,NA,NA,NA
"m[1,43] Assis MUVO",53207.257372,53431.5,54698.9369312101,14482.3,0.95,27206.8,78856.3,NA,NA,NA,NA,NA,NA,NA
"m[2,43] Assoc MUVO",69761.0131,69737.4,69878.8566407382,15000,0.95,51583.9,87902.4,NA,NA,NA,NA,NA,NA,NA
"m[3,43] Full MUVO",99850.6301466667,99899.55,100123.565151221,15000,0.95,87223.5,111468,NA,NA,NA,NA,NA,NA,NA
"m[4,43] Endow MUVO",126571.334173333,126617.5,128380.298259977,14319.3,0.95,100280,152292,NA,NA,NA,NA,NA,NA,NA
"m[5,43] Disting MUVO",145668.04202,145853.5,145552.790060564,12133.7,0.95,123425,167757,NA,NA,NA,NA,NA,NA,NA
"m[1,44] Assis OADT",144673.7608,144672,145044.776714866,15499.3,0.95,132939,156696,NA,NA,NA,NA,NA,NA,NA
"m[2,44] Assoc OADT",159194.480266667,159213,160365.724949878,16693.5,0.95,143628,174582,NA,NA,NA,NA,NA,NA,NA
"m[3,44] Full OADT",176937.945266667,177042,177298.246930694,13678.2,0.95,158933,194596,NA,NA,NA,NA,NA,NA,NA
"m[4,44] Endow OADT",214519.17,214464,213827.47738294,15000,0.95,196408,231898,NA,NA,NA,NA,NA,NA,NA
"m[5,44] Disting OADT",241679.7778,241735,241655.529081386,14396.1,0.95,215916,267411,NA,NA,NA,NA,NA,NA,NA
"m[1,45] Assis OPT",71241.8264466667,71250.1,72078.8050211534,14180.7,0.95,55524.5,87982.6,NA,NA,NA,NA,NA,NA,NA
"m[2,45] Assoc OPT",80374.1013866667,80387.65,79726.6320460399,15000,0.95,64376.6,96322.1,NA,NA,NA,NA,NA,NA,NA
"m[3,45] Full OPT",103622.88262,103695.5,103685.55005033,15000,0.95,90321.7,117292,NA,NA,NA,NA,NA,NA,NA
"m[4,45] Endow OPT",139841.689806667,139797.5,139704.083802728,14569.4,0.95,115338,165327,NA,NA,NA,NA,NA,NA,NA
"m[5,45] Disting OPT",168457.222266667,168502.5,169346.534760018,14024.9,0.95,142739,194596,NA,NA,NA,NA,NA,NA,NA
"m[1,46] Assis PHYS",78279.52688,78255.7,79084.1266934231,15686.6,0.95,67325.7,89389,NA,NA,NA,NA,NA,NA,NA
"m[2,46] Assoc PHYS",93609.1794066667,93577.3,94490.7135713178,14407.2,0.95,81033.8,107236,NA,NA,NA,NA,NA,NA,NA
"m[3,46] Full PHYS",131932.9968,131980.5,131845.714116452,16595.8,0.95,123819,139742,NA,NA,NA,NA,NA,NA,NA
"m[4,46] Endow PHYS",151431.491266667,151508.5,151564.541747183,13698.1,0.95,127500,174176,NA,NA,NA,NA,NA,NA,NA
"m[5,46] Disting PHYS",167243.682533333,167397.5,167959.030012681,11008.8,0.95,148862,185382,NA,NA,NA,NA,NA,NA,NA
"m[1,47] Assis PL",69226.52888,69268.25,71064.556377811,15000,0.95,51912.5,86653.4,NA,NA,NA,NA,NA,NA,NA
"m[2,47] Assoc PL",80845.1855533333,80884.7,81114.1330140157,15000,0.95,63493,98219.2,NA,NA,NA,NA,NA,NA,NA
"m[3,47] Full PL",116096.482073333,116120.5,115819.355136616,15000,0.95,104258,128085,NA,NA,NA,NA,NA,NA,NA
"m[4,47] Endow PL",145737.022933333,145810,146297.649270974,15000,0.95,129301,160719,NA,NA,NA,NA,NA,NA,NA
"m[5,47] Disting PL",172700.0192,172524,171397.911599013,14451.9,0.95,146804,197704,NA,NA,NA,NA,NA,NA,NA
"m[1,48] Assis POLS",85217.7554266667,85253.9,84767.0292663833,15000,0.95,68766.2,102980,NA,NA,NA,NA,NA,NA,NA
"m[2,48] Assoc POLS",90043.7043466667,90142.3,90663.3956945672,13867,0.95,78787,101012,NA,NA,NA,NA,NA,NA,NA
"m[3,48] Full POLS",135111.740933333,135058,134524.663022256,17271.4,0.95,124480,145590,NA,NA,NA,NA,NA,NA,NA
"m[4,48] Endow POLS",170728.0738,170622,170101.192955181,12139.6,0.95,153036,187807,NA,NA,NA,NA,NA,NA,NA
"m[5,48] Disting POLS",190988.377533333,190960,190818.193467285,14453.1,0.95,171587,211793,NA,NA,NA,NA,NA,NA,NA
"m[1,49] Assis PSY",84096.1194133333,84060.7,84237.0283907676,15000,0.95,71835.4,95773,NA,NA,NA,NA,NA,NA,NA
"m[2,49] Assoc PSY",88428.8664,88475.5,88740.9109123934,15000,0.95,78251.5,99264,NA,NA,NA,NA,NA,NA,NA
"m[3,49] Full PSY",115572.10514,115554.5,115248.331469235,14166.8,0.95,106894,123880,NA,NA,NA,NA,NA,NA,NA
"m[4,49] Endow PSY",181243.060266667,181244,181550.294759212,11462.4,0.95,168763,194344,NA,NA,NA,NA,NA,NA,NA
"m[5,49] Disting PSY",199596.836333333,199555.5,199275.770341548,13213.9,0.95,186715,213609,NA,NA,NA,NA,NA,NA,NA
"m[1,50] Assis REL",64009.9206933333,63989.35,63174.3043685644,15000,0.95,50320.2,77376.5,NA,NA,NA,NA,NA,NA,NA
"m[2,50] Assoc REL",77126.9641466667,77118.45,75776.6343347082,15573,0.95,63480.4,90636.5,NA,NA,NA,NA,NA,NA,NA
"m[3,50] Full REL",113236.07464,113193,111411.383008684,14877.3,0.95,96552,128526,NA,NA,NA,NA,NA,NA,NA
"m[4,50] Endow REL",139530.7274,139604,141774.993504905,14337,0.95,114521,164041,NA,NA,NA,NA,NA,NA,NA
"m[5,50] Disting REL",168309.8844,168373,168749.082496287,13568,0.95,142920,194938,NA,NA,NA,NA,NA,NA,NA
"m[1,51] Assis RPAD",73717.5281,73717.45,73312.6999844146,15000,0.95,57608.2,90144.9,NA,NA,NA,NA,NA,NA,NA
"m[2,51] Assoc RPAD",91111.5168333333,91088.95,91301.6353878804,15000,0.95,77777,105040,NA,NA,NA,NA,NA,NA,NA
"m[3,51] Full RPAD",121362.42888,121301,120650.878746575,15000,0.95,103622,139650,NA,NA,NA,NA,NA,NA,NA
"m[4,51] Endow RPAD",149882.743406667,149953.5,150332.871333607,13898.1,0.95,124276,174999,NA,NA,NA,NA,NA,NA,NA
"m[5,51] Disting RPAD",178532.0662,178623,180258.89343991,14782.2,0.95,151297,204034,NA,NA,NA,NA,NA,NA,NA
"m[1,52] Assis SLIS",87295.46308,87335.25,87148.8792923263,15000,0.95,71762.2,103503,NA,NA,NA,NA,NA,NA,NA
"m[2,52] Assoc SLIS",98729.37062,98703.2,98866.0064933017,15000,0.95,86806.6,110304,NA,NA,NA,NA,NA,NA,NA
"m[3,52] Full SLIS",127304.339146667,127367.5,128528.077327233,14685.5,0.95,107257,147704,NA,NA,NA,NA,NA,NA,NA
"m[4,52] Endow SLIS",161173.915933333,161074,160556.312636854,15000,0.95,143680,179179,NA,NA,NA,NA,NA,NA,NA
"m[5,52] Disting SLIS",187955.802466667,188130.5,189212.002950175,14194.1,0.95,162088,212410,NA,NA,NA,NA,NA,NA,NA
"m[1,53] Assis SLS",58744.4705333333,58683.95,57939.5256555959,15351.2,0.95,42456.5,75724.2,NA,NA,NA,NA,NA,NA,NA
"m[2,53] Assoc SLS",70170.9021133333,70170.7,69322.7337413057,15080.8,0.95,52879.9,85966.5,NA,NA,NA,NA,NA,NA,NA
"m[3,53] Full SLS",98084.52358,98113.9,99334.1921495859,14435.9,0.95,76425.4,118926,NA,NA,NA,NA,NA,NA,NA
"m[4,53] Endow SLS",130903.021346667,130868,129701.780229466,14566.1,0.95,104607,156594,NA,NA,NA,NA,NA,NA,NA
"m[5,53] Disting SLS",159553.822533333,159717.5,161266.327276879,14563.3,0.95,132757,187566,NA,NA,NA,NA,NA,NA,NA
"m[1,54] Assis SOC",74783.1242733333,74782.8,74756.8478045879,15000,0.95,61680.7,88097.3,NA,NA,NA,NA,NA,NA,NA
"m[2,54] Assoc SOC",87781.20746,87741.6,87197.451638573,13875.9,0.95,76335.3,99194.5,NA,NA,NA,NA,NA,NA,NA
"m[3,54] Full SOC",116510.717986667,116532.5,116579.101743328,15000,0.95,102340,129878,NA,NA,NA,NA,NA,NA,NA
"m[4,54] Endow SOC",152713.403466667,152749,153357.796757208,14429.5,0.95,137373,168611,NA,NA,NA,NA,NA,NA,NA
"m[5,54] Disting SOC",173543.677466667,173587.5,172734.196758446,14401.1,0.95,153593,194465,NA,NA,NA,NA,NA,NA,NA
"m[1,55] Assis SPAN",62970.5412733333,62986.35,63342.2769962207,14500.3,0.95,49825.2,75975.6,NA,NA,NA,NA,NA,NA,NA
"m[2,55] Assoc SPAN",74607.4140666667,74574.05,73990.4881212846,15000,0.95,63885.9,84961.8,NA,NA,NA,NA,NA,NA,NA
"m[3,55] Full SPAN",107824.60622,107811,107815.95604534,13843.4,0.95,96148,119445,NA,NA,NA,NA,NA,NA,NA
"m[4,55] Endow SPAN",136946.011833333,136957,136270.106183879,13295,0.95,112163,160897,NA,NA,NA,NA,NA,NA,NA
"m[5,55] Disting SPAN",165538.011266667,165582.5,166705.604751234,13641.8,0.95,140479,190415,NA,NA,NA,NA,NA,NA,NA
"m[1,56] Assis SPEA",96225.3015533333,96219.8,96366.7435480809,15000,0.95,87813.6,105210,NA,NA,NA,NA,NA,NA,NA
"m[2,56] Assoc SPEA",105906.569273333,105909.5,105831.789879295,15000,0.95,96586.2,114522,NA,NA,NA,NA,NA,NA,NA
"m[3,56] Full SPEA",142618.144,142576,142399.985568105,15000,0.95,132181,153843,NA,NA,NA,NA,NA,NA,NA
"m[4,56] Endow SPEA",155873.4914,155996.5,156907.979750551,11979.3,0.95,140478,171920,NA,NA,NA,NA,NA,NA,NA
"m[5,56] Disting SPEA",220814.214466667,220614,220041.778505074,10068.3,0.95,201636,238539,NA,NA,NA,NA,NA,NA,NA
"m[1,57] Assis SPHS",83511.1998,83483.75,82880.5995167773,15000,0.95,69334.2,97837.4,NA,NA,NA,NA,NA,NA,NA
"m[2,57] Assoc SPHS",97551.99836,97637.35,98767.911524284,15000,0.95,83962.6,110517,NA,NA,NA,NA,NA,NA,NA
"m[3,57] Full SPHS",125803.354673333,125859.5,126386.342547986,15000,0.95,112843,139140,NA,NA,NA,NA,NA,NA,NA
"m[4,57] Endow SPHS",161807.1918,161803,162950.898151357,13226,0.95,138616,186670,NA,NA,NA,NA,NA,NA,NA
"m[5,57] Disting SPHS",206468.3932,206236.5,205036.744738468,10030.1,0.95,185384,228726,NA,NA,NA,NA,NA,NA,NA
"m[1,58] Assis STAT",83279.7565666667,83249.55,82687.9822576524,15000,0.95,68443.2,98289.6,NA,NA,NA,NA,NA,NA,NA
"m[2,58] Assoc STAT",95166.12748,95142.85,94868.6337509607,15000,0.95,73716.4,116162,NA,NA,NA,NA,NA,NA,NA
"m[3,58] Full STAT",127193.245346667,127117,126293.188620293,14633.7,0.95,102100,153065,NA,NA,NA,NA,NA,NA,NA
"m[4,58] Endow STAT",161142.0756,161151.5,161265.038231917,15000,0.95,139955,182777,NA,NA,NA,NA,NA,NA,NA
"m[5,58] Disting STAT",185416.6626,185520.5,186886.058607598,14336.2,0.95,164468,207932,NA,NA,NA,NA,NA,NA,NA
"m[1,59] Assis TELC",68589.00564,68559.45,68452.9674782988,15035,0.95,54397.6,83074.8,NA,NA,NA,NA,NA,NA,NA
"m[2,59] Assoc TELC",80252.7486133333,80320.05,80823.5006262455,15000,0.95,62790.5,97969.9,NA,NA,NA,NA,NA,NA,NA
"m[3,59] Full TELC",112794.97458,112832,113336.689756181,15000,0.95,99384.3,126100,NA,NA,NA,NA,NA,NA,NA
"m[4,59] Endow TELC",142188.962713333,142085.5,141265.343106149,15183.2,0.95,117081,166152,NA,NA,NA,NA,NA,NA,NA
"m[5,59] Disting TELC",171252.810266667,171226.5,170349.336676524,14425.6,0.95,149632,191662,NA,NA,NA,NA,NA,NA,NA
"m[1,60] Assis THTR",58768.8710266667,58772.25,58830.8534524033,13994.7,0.95,43791.7,73619.9,NA,NA,NA,NA,NA,NA,NA
"m[2,60] Assoc THTR",68402.9222933333,68403.35,68492.1802765597,15000,0.95,57159.4,79288.3,NA,NA,NA,NA,NA,NA,NA
"m[3,60] Full THTR",101133.736826667,101049,99835.9095894,12759.4,0.95,74614.3,126507,NA,NA,NA,NA,NA,NA,NA
"m[4,60] Endow THTR",131321.344093333,131233.5,130813.770238148,12905.8,0.95,104872,157651,NA,NA,NA,NA,NA,NA,NA
"m[5,60] Disting THTR",159934.827066667,159965,161176.668653,13093.9,0.95,132509,187453,NA,NA,NA,NA,NA,NA,NA
"ySigma",17985.8979733333,17985.1,18012.7674447667,11308.3,0.95,17125.4,18842.1,NA,NA,NA,NA,NA,NA,NA
"a1SD",55076.7066733333,49690,41151.5010283146,939.3,0.95,23109.7,101980,NA,NA,NA,NA,NA,NA,NA
"a2SD",30574.3346266667,30322.3,30078.7353941928,12591.1,0.95,24878.4,36741.1,NA,NA,NA,NA,NA,NA,NA
"a1a2SD",9708.80389466667,9674.955,9608.29800531299,3370.5,0.95,7284.51,12152.9,NA,NA,NA,NA,NA,NA,NA
"Full.v.Assoc",29929.2347438639,29943.365,30164.2426862251,13595.9,0.95,26574.3,33137.23,0,100,-1000,1000,0,0,100
"Assoc.v.Assis",13317.8895,13305.85,13348.1740692874,15327.2,0.95,9974.5,16807.8,0,100,-1000,1000,0,0,100
"CHEM.v.ENG",38568.3811886667,38553.4,39216.2385009083,12552.8,0.95,28377.9,48666.5,0,100,-1000,1000,0,0,100
"CHEM.v.PSY",12508.7209993447,12496.835,13019.7125501518,15000,0.95,4188,21004.2508,0,99.7866666666667,-1000,1000,0.0933333333333333,0.299999999999997,99.6066666666667
"BFIN.v.PSYCHEMENG",107082.311881337,107088.418333333,107067.837195036,12828.5,0.95,97234.8,117203.833333333,0,100,-1000,1000,0,0,100
"Full.v.Assis.x.CHEM.v.ENG",22033.2245220816,21937.58,21369.1075177162,13915.3,0.95,1669.86,42381.524,0,98.5,-1000,1000,1.17333333333333,0.733333333333334,98.0933333333333
"Full.v.Assis.x.CHEM.v.PSY",37366.3502952426,37326.58,39193.7006936007,12963.5,0.95,17745.06,58153.047,0,99.9933333333333,-1000,1000,0.00666666666666667,0,99.9933333333333
"Full.v.AssocAssis.x.BFIN.v.PSYCHEMENG",-10870.5978625221,-10865.9508333333,-9661.33122487922,14323,0.95,-27983.9716666667,7143.1875,0,11.2466666666667,-1000,1000,86.5133333333333,4.09999999999999,9.38666666666667
